════════════════════════════════════════
 Step 1/2 — safety backup of the CURRENT system
════════════════════════════════════════
Backing up what is live now, before anything is overwritten.
If this backup fails, the restore will NOT run.

=== Starting Frappe Backup at Sat Aug 15 04:20:15 AM UTC 2026 ===
Running Frappe backup...
Backup Summary for 192.168.225.78 at 2026-08-15 09:50:21.074507
Config  : /home/frappe/frappe-bench/sites/192.168.225.78/private/backups/20260815_095016-192_168_225_78-site_config_backup.json 280.0B
Database: /home/frappe/frappe-bench/sites/192.168.225.78/private/backups/20260815_095016-192_168_225_78-database.sql.gz 27.6MiB
Public  : /home/frappe/frappe-bench/sites/192.168.225.78/private/backups/20260815_095016-192_168_225_78-files.tgz 135.0B
Private : /home/frappe/frappe-bench/sites/192.168.225.78/private/backups/20260815_095016-192_168_225_78-private-files.tgz 136.0B
Backup for Site 192.168.225.78 has been successfully completed with files
Copying backups to host...
[?25l[0G[+] copy 1/1
 [32m✔[0m frappe_docker-backend-1 [32mCopied[0m frappe_docker-backend-1:/home/frappe/f... [34m0.0s[0m
[?25h  Copied: 20260815_095016-192_168_225_78-database.sql.gz
[?25l[0G[+] copy 1/1
 [32m✔[0m frappe_docker-backend-1 [32mCopied[0m frappe_docker-backend-1:/home/frappe/f... [34m0.0s[0m
[?25h  Copied: 20260815_095016-192_168_225_78-files.tgz
[?25l[0G[+] copy 1/1
 [32m✔[0m frappe_docker-backend-1 [32mCopied[0m frappe_docker-backend-1:/home/frappe/f... [34m0.0s[0m
[?25h  Copied: 20260815_095016-192_168_225_78-private-files.tgz
[?25l[0G[+] copy 1/1
 [32m✔[0m frappe_docker-backend-1 [32mCopied[0m frappe_docker-backend-1:/home/frappe/f... [34m0.0s[0m
[?25hBacking up configuration files...
Cleaning up old backups (keeping newest 20, then 30 days)...
=== Backup completed successfully ===
Backup location: /opt/backups/frappe/20260815_042015
Backup size: 28M
=== Backup finished at Sat Aug 15 04:20:21 AM UTC 2026 ===

════════════════════════════════════════
 Step 2/2 — restore from latestfolder
════════════════════════════════════════
The safety backup above is your way back if this restore goes wrong.

=== Starting Frappe Restore from /opt/backups/frappe/uploads/latestfolder ===
Site to restore into: 192.168.225.78
Enter MariaDB root password: 

WARNING: This will overwrite existing data on site: 192.168.225.78
Continue? (yes/no): 
Taking the site offline:frontend websocket queue-short queue-long scheduler
Users will see the server as unavailable until the restore finishes.
[?25l[0G[+] stop 0/4
 [33m⠋[0m Container frappe_docker-queue-long-1  Stopping                           [34m0.1s[0m
 [33m⠋[0m Container frappe_docker-frontend-1    Stopping                           [34m0.1s[0m
 [33m⠋[0m Container frappe_docker-scheduler-1   Stopping                           [34m0.1s[0m
 [33m⠋[0m Container frappe_docker-queue-short-1 Stopping                           [34m0.1s[0m
[?25h[?25l[5A[0G[+] stop 0/4
 [33m⠙[0m Container frappe_docker-queue-long-1  Stopping                           [34m0.2s[0m
 [33m⠙[0m Container frappe_docker-frontend-1    Stopping                           [34m0.2s[0m
 [33m⠙[0m Container frappe_docker-scheduler-1   Stopping                           [34m0.2s[0m
 [33m⠙[0m Container frappe_docker-queue-short-1 Stopping                           [34m0.2s[0m
[?25h[?25l[5A[0G[+] stop 1/4
 [32m✔[0m Container frappe_docker-queue-long-1  [32mStopped[0m                            [34m0.2s[0m
 [33m⠹[0m Container frappe_docker-frontend-1    Stopping                           [34m0.3s[0m
 [33m⠹[0m Container frappe_docker-scheduler-1   Stopping                           [34m0.3s[0m
 [33m⠹[0m Container frappe_docker-queue-short-1 Stopping                           [34m0.3s[0m
[?25h[?25l[5A[0G[+] stop 2/4
 [32m✔[0m Container frappe_docker-queue-long-1  [32mStopped[0m                            [34m0.2s[0m
 [33m⠸[0m Container frappe_docker-frontend-1    Stopping                           [34m0.4s[0m
 [33m⠸[0m Container frappe_docker-scheduler-1   Stopping                           [34m0.4s[0m
 [32m✔[0m Container frappe_docker-queue-short-1 [32mStopped[0m                            [34m0.3s[0m
[?25h[?25l[5A[0G[+] stop 2/4
 [32m✔[0m Container frappe_docker-queue-long-1  [32mStopped[0m                            [34m0.2s[0m
 [33m⠼[0m Container frappe_docker-frontend-1    Stopping                           [34m0.5s[0m
 [33m⠼[0m Container frappe_docker-scheduler-1   Stopping                           [34m0.5s[0m
 [32m✔[0m Container frappe_docker-queue-short-1 [32mStopped[0m                            [34m0.3s[0m
[?25h[?25l[5A[0G[+] stop 2/4
 [32m✔[0m Container frappe_docker-queue-long-1  [32mStopped[0m                            [34m0.2s[0m
 [33m⠴[0m Container frappe_docker-frontend-1    Stopping                           [34m0.6s[0m
 [33m⠴[0m Container frappe_docker-scheduler-1   Stopping                           [34m0.6s[0m
 [32m✔[0m Container frappe_docker-queue-short-1 [32mStopped[0m                            [34m0.3s[0m
[?25h[?25l[5A[0G[+] stop 2/4
 [32m✔[0m Container frappe_docker-queue-long-1  [32mStopped[0m                            [34m0.2s[0m
 [33m⠦[0m Container frappe_docker-frontend-1    Stopping                           [34m0.7s[0m
 [33m⠦[0m Container frappe_docker-scheduler-1   Stopping                           [34m0.7s[0m
 [32m✔[0m Container frappe_docker-queue-short-1 [32mStopped[0m                            [34m0.3s[0m
[?25h[?25l[5A[0G[+] stop 2/4
 [32m✔[0m Container frappe_docker-queue-long-1  [32mStopped[0m                            [34m0.2s[0m
 [33m⠧[0m Container frappe_docker-frontend-1    Stopping                           [34m0.8s[0m
 [33m⠧[0m Container frappe_docker-scheduler-1   Stopping                           [34m0.8s[0m
 [32m✔[0m Container frappe_docker-queue-short-1 [32mStopped[0m                            [34m0.3s[0m
[?25h[?25l[5A[0G[+] stop 2/4
 [32m✔[0m Container frappe_docker-queue-long-1  [32mStopped[0m                            [34m0.2s[0m
 [33m⠇[0m Container frappe_docker-frontend-1    Stopping                           [34m0.9s[0m
 [33m⠇[0m Container frappe_docker-scheduler-1   Stopping                           [34m0.9s[0m
 [32m✔[0m Container frappe_docker-queue-short-1 [32mStopped[0m                            [34m0.3s[0m
[?25h[?25l[5A[0G[+] stop 2/4
 [32m✔[0m Container frappe_docker-queue-long-1  [32mStopped[0m                            [34m0.2s[0m
 [33m⠏[0m Container frappe_docker-frontend-1    Stopping                           [34m1.0s[0m
 [33m⠏[0m Container frappe_docker-scheduler-1   Stopping                           [34m1.0s[0m
 [32m✔[0m Container frappe_docker-queue-short-1 [32mStopped[0m                            [34m0.3s[0m
[?25h[?25l[5A[0G[+] stop 2/4
 [32m✔[0m Container frappe_docker-queue-long-1  [32mStopped[0m                            [34m0.2s[0m
 [33m⠋[0m Container frappe_docker-frontend-1    Stopping                           [34m1.1s[0m
 [33m⠋[0m Container frappe_docker-scheduler-1   Stopping                           [34m1.1s[0m
 [32m✔[0m Container frappe_docker-queue-short-1 [32mStopped[0m                            [34m0.3s[0m
[?25h[?25l[5A[0G[+] stop 2/4
 [32m✔[0m Container frappe_docker-queue-long-1  [32mStopped[0m                            [34m0.2s[0m
 [33m⠙[0m Container frappe_docker-frontend-1    Stopping                           [34m1.2s[0m
 [33m⠙[0m Container frappe_docker-scheduler-1   Stopping                           [34m1.2s[0m
 [32m✔[0m Container frappe_docker-queue-short-1 [32mStopped[0m                            [34m0.3s[0m
[?25h[?25l[5A[0G[+] stop 2/4
 [32m✔[0m Container frappe_docker-queue-long-1  [32mStopped[0m                            [34m0.2s[0m
 [33m⠹[0m Container frappe_docker-frontend-1    Stopping                           [34m1.3s[0m
 [33m⠹[0m Container frappe_docker-scheduler-1   Stopping                           [34m1.3s[0m
 [32m✔[0m Container frappe_docker-queue-short-1 [32mStopped[0m                            [34m0.3s[0m
[?25h[?25l[5A[0G[+] stop 2/4
 [32m✔[0m Container frappe_docker-queue-long-1  [32mStopped[0m                            [34m0.2s[0m
 [33m⠸[0m Container frappe_docker-frontend-1    Stopping                           [34m1.4s[0m
 [33m⠸[0m Container frappe_docker-scheduler-1   Stopping                           [34m1.4s[0m
 [32m✔[0m Container frappe_docker-queue-short-1 [32mStopped[0m                            [34m0.3s[0m
[?25h[?25l[5A[0G[+] stop 2/4
 [32m✔[0m Container frappe_docker-queue-long-1  [32mStopped[0m                            [34m0.2s[0m
 [33m⠼[0m Container frappe_docker-frontend-1    Stopping                           [34m1.5s[0m
 [33m⠼[0m Container frappe_docker-scheduler-1   Stopping                           [34m1.5s[0m
 [32m✔[0m Container frappe_docker-queue-short-1 [32mStopped[0m                            [34m0.3s[0m
[?25h[?25l[5A[0G[+] stop 2/4
 [32m✔[0m Container frappe_docker-queue-long-1  [32mStopped[0m                            [34m0.2s[0m
 [33m⠴[0m Container frappe_docker-frontend-1    Stopping                           [34m1.6s[0m
 [33m⠴[0m Container frappe_docker-scheduler-1   Stopping                           [34m1.6s[0m
 [32m✔[0m Container frappe_docker-queue-short-1 [32mStopped[0m                            [34m0.3s[0m
[?25h[?25l[5A[0G[+] stop 2/4
 [32m✔[0m Container frappe_docker-queue-long-1  [32mStopped[0m                            [34m0.2s[0m
 [33m⠦[0m Container frappe_docker-frontend-1    Stopping                           [34m1.7s[0m
 [33m⠦[0m Container frappe_docker-scheduler-1   Stopping                           [34m1.7s[0m
 [32m✔[0m Container frappe_docker-queue-short-1 [32mStopped[0m                            [34m0.3s[0m
[?25h[?25l[5A[0G[+] stop 2/4
 [32m✔[0m Container frappe_docker-queue-long-1  [32mStopped[0m                            [34m0.2s[0m
 [33m⠧[0m Container frappe_docker-frontend-1    Stopping                           [34m1.8s[0m
 [33m⠧[0m Container frappe_docker-scheduler-1   Stopping                           [34m1.8s[0m
 [32m✔[0m Container frappe_docker-queue-short-1 [32mStopped[0m                            [34m0.3s[0m
[?25h[?25l[5A[0G[+] stop 2/4
 [32m✔[0m Container frappe_docker-queue-long-1  [32mStopped[0m                            [34m0.2s[0m
 [33m⠇[0m Container frappe_docker-frontend-1    Stopping                           [34m1.9s[0m
 [33m⠇[0m Container frappe_docker-scheduler-1   Stopping                           [34m1.9s[0m
 [32m✔[0m Container frappe_docker-queue-short-1 [32mStopped[0m                            [34m0.3s[0m
[?25h[?25l[5A[0G[+] stop 2/4
 [32m✔[0m Container frappe_docker-queue-long-1  [32mStopped[0m                            [34m0.2s[0m
 [33m⠏[0m Container frappe_docker-frontend-1    Stopping                           [34m2.0s[0m
 [33m⠏[0m Container frappe_docker-scheduler-1   Stopping                           [34m2.0s[0m
 [32m✔[0m Container frappe_docker-queue-short-1 [32mStopped[0m                            [34m0.3s[0m
[?25h[?25l[5A[0G[+] stop 2/4
 [32m✔[0m Container frappe_docker-queue-long-1  [32mStopped[0m                            [34m0.2s[0m
 [33m⠋[0m Container frappe_docker-frontend-1    Stopping                           [34m2.1s[0m
 [33m⠋[0m Container frappe_docker-scheduler-1   Stopping                           [34m2.1s[0m
 [32m✔[0m Container frappe_docker-queue-short-1 [32mStopped[0m                            [34m0.3s[0m
[?25h[?25l[5A[0G[+] stop 2/4
 [32m✔[0m Container frappe_docker-queue-long-1  [32mStopped[0m                            [34m0.2s[0m
 [33m⠙[0m Container frappe_docker-frontend-1    Stopping                           [34m2.2s[0m
 [33m⠙[0m Container frappe_docker-scheduler-1   Stopping                           [34m2.2s[0m
 [32m✔[0m Container frappe_docker-queue-short-1 [32mStopped[0m                            [34m0.3s[0m
[?25h[?25l[5A[0G[+] stop 2/4
 [32m✔[0m Container frappe_docker-queue-long-1  [32mStopped[0m                            [34m0.2s[0m
 [33m⠹[0m Container frappe_docker-frontend-1    Stopping                           [34m2.3s[0m
 [33m⠹[0m Container frappe_docker-scheduler-1   Stopping                           [34m2.3s[0m
 [32m✔[0m Container frappe_docker-queue-short-1 [32mStopped[0m                            [34m0.3s[0m
[?25h[?25l[5A[0G[+] stop 2/4
 [32m✔[0m Container frappe_docker-queue-long-1  [32mStopped[0m                            [34m0.2s[0m
 [33m⠸[0m Container frappe_docker-frontend-1    Stopping                           [34m2.4s[0m
 [33m⠸[0m Container frappe_docker-scheduler-1   Stopping                           [34m2.4s[0m
 [32m✔[0m Container frappe_docker-queue-short-1 [32mStopped[0m                            [34m0.3s[0m
[?25h[?25l[5A[0G[+] stop 2/4
 [32m✔[0m Container frappe_docker-queue-long-1  [32mStopped[0m                            [34m0.2s[0m
 [33m⠼[0m Container frappe_docker-frontend-1    Stopping                           [34m2.5s[0m
 [33m⠼[0m Container frappe_docker-scheduler-1   Stopping                           [34m2.5s[0m
 [32m✔[0m Container frappe_docker-queue-short-1 [32mStopped[0m                            [34m0.3s[0m
[?25h[?25l[5A[0G[+] stop 2/4
 [32m✔[0m Container frappe_docker-queue-long-1  [32mStopped[0m                            [34m0.2s[0m
 [33m⠴[0m Container frappe_docker-frontend-1    Stopping                           [34m2.6s[0m
 [33m⠴[0m Container frappe_docker-scheduler-1   Stopping                           [34m2.6s[0m
 [32m✔[0m Container frappe_docker-queue-short-1 [32mStopped[0m                            [34m0.3s[0m
[?25h[?25l[5A[0G[+] stop 2/4
 [32m✔[0m Container frappe_docker-queue-long-1  [32mStopped[0m                            [34m0.2s[0m
 [33m⠦[0m Container frappe_docker-frontend-1    Stopping                           [34m2.7s[0m
 [33m⠦[0m Container frappe_docker-scheduler-1   Stopping                           [34m2.7s[0m
 [32m✔[0m Container frappe_docker-queue-short-1 [32mStopped[0m                            [34m0.3s[0m
[?25h[?25l[5A[0G[+] stop 2/4
 [32m✔[0m Container frappe_docker-queue-long-1  [32mStopped[0m                            [34m0.2s[0m
 [33m⠧[0m Container frappe_docker-frontend-1    Stopping                           [34m2.8s[0m
 [33m⠧[0m Container frappe_docker-scheduler-1   Stopping                           [34m2.8s[0m
 [32m✔[0m Container frappe_docker-queue-short-1 [32mStopped[0m                            [34m0.3s[0m
[?25h[?25l[5A[0G[+] stop 2/4
 [32m✔[0m Container frappe_docker-queue-long-1  [32mStopped[0m                            [34m0.2s[0m
 [33m⠇[0m Container frappe_docker-frontend-1    Stopping                           [34m2.9s[0m
 [33m⠇[0m Container frappe_docker-scheduler-1   Stopping                           [34m2.9s[0m
 [32m✔[0m Container frappe_docker-queue-short-1 [32mStopped[0m                            [34m0.3s[0m
[?25h[?25l[5A[0G[+] stop 2/4
 [32m✔[0m Container frappe_docker-queue-long-1  [32mStopped[0m                            [34m0.2s[0m
 [33m⠏[0m Container frappe_docker-frontend-1    Stopping                           [34m3.0s[0m
 [33m⠏[0m Container frappe_docker-scheduler-1   Stopping                           [34m3.0s[0m
 [32m✔[0m Container frappe_docker-queue-short-1 [32mStopped[0m                            [34m0.3s[0m
[?25h[?25l[5A[0G[+] stop 2/4
 [32m✔[0m Container frappe_docker-queue-long-1  [32mStopped[0m                            [34m0.2s[0m
 [33m⠋[0m Container frappe_docker-frontend-1    Stopping                           [34m3.1s[0m
 [33m⠋[0m Container frappe_docker-scheduler-1   Stopping                           [34m3.1s[0m
 [32m✔[0m Container frappe_docker-queue-short-1 [32mStopped[0m                            [34m0.3s[0m
[?25h[?25l[5A[0G[+] stop 2/4
 [32m✔[0m Container frappe_docker-queue-long-1  [32mStopped[0m                            [34m0.2s[0m
 [33m⠙[0m Container frappe_docker-frontend-1    Stopping                           [34m3.2s[0m
 [33m⠙[0m Container frappe_docker-scheduler-1   Stopping                           [34m3.2s[0m
 [32m✔[0m Container frappe_docker-queue-short-1 [32mStopped[0m                            [34m0.3s[0m
[?25h[?25l[5A[0G[+] stop 2/4
 [32m✔[0m Container frappe_docker-queue-long-1  [32mStopped[0m                            [34m0.2s[0m
 [33m⠹[0m Container frappe_docker-frontend-1    Stopping                           [34m3.3s[0m
 [33m⠹[0m Container frappe_docker-scheduler-1   Stopping                           [34m3.3s[0m
 [32m✔[0m Container frappe_docker-queue-short-1 [32mStopped[0m                            [34m0.3s[0m
[?25h[?25l[5A[0G[+] stop 2/4
 [32m✔[0m Container frappe_docker-queue-long-1  [32mStopped[0m                            [34m0.2s[0m
 [33m⠸[0m Container frappe_docker-frontend-1    Stopping                           [34m3.4s[0m
 [33m⠸[0m Container frappe_docker-scheduler-1   Stopping                           [34m3.4s[0m
 [32m✔[0m Container frappe_docker-queue-short-1 [32mStopped[0m                            [34m0.3s[0m
[?25h[?25l[5A[0G[+] stop 2/4
 [32m✔[0m Container frappe_docker-queue-long-1  [32mStopped[0m                            [34m0.2s[0m
 [33m⠼[0m Container frappe_docker-frontend-1    Stopping                           [34m3.5s[0m
 [33m⠼[0m Container frappe_docker-scheduler-1   Stopping                           [34m3.5s[0m
 [32m✔[0m Container frappe_docker-queue-short-1 [32mStopped[0m                            [34m0.3s[0m
[?25h[?25l[5A[0G[+] stop 2/4
 [32m✔[0m Container frappe_docker-queue-long-1  [32mStopped[0m                            [34m0.2s[0m
 [33m⠴[0m Container frappe_docker-frontend-1    Stopping                           [34m3.6s[0m
 [33m⠴[0m Container frappe_docker-scheduler-1   Stopping                           [34m3.6s[0m
 [32m✔[0m Container frappe_docker-queue-short-1 [32mStopped[0m                            [34m0.3s[0m
[?25h[?25l[5A[0G[+] stop 2/4
 [32m✔[0m Container frappe_docker-queue-long-1  [32mStopped[0m                            [34m0.2s[0m
 [33m⠦[0m Container frappe_docker-frontend-1    Stopping                           [34m3.7s[0m
 [33m⠦[0m Container frappe_docker-scheduler-1   Stopping                           [34m3.7s[0m
 [32m✔[0m Container frappe_docker-queue-short-1 [32mStopped[0m                            [34m0.3s[0m
[?25h[?25l[5A[0G[+] stop 2/4
 [32m✔[0m Container frappe_docker-queue-long-1  [32mStopped[0m                            [34m0.2s[0m
 [33m⠧[0m Container frappe_docker-frontend-1    Stopping                           [34m3.8s[0m
 [33m⠧[0m Container frappe_docker-scheduler-1   Stopping                           [34m3.8s[0m
 [32m✔[0m Container frappe_docker-queue-short-1 [32mStopped[0m                            [34m0.3s[0m
[?25h[?25l[5A[0G[+] stop 2/4
 [32m✔[0m Container frappe_docker-queue-long-1  [32mStopped[0m                            [34m0.2s[0m
 [33m⠇[0m Container frappe_docker-frontend-1    Stopping                           [34m3.9s[0m
 [33m⠇[0m Container frappe_docker-scheduler-1   Stopping                           [34m3.9s[0m
 [32m✔[0m Container frappe_docker-queue-short-1 [32mStopped[0m                            [34m0.3s[0m
[?25h[?25l[5A[0G[+] stop 2/4
 [32m✔[0m Container frappe_docker-queue-long-1  [32mStopped[0m                            [34m0.2s[0m
 [33m⠏[0m Container frappe_docker-frontend-1    Stopping                           [34m4.0s[0m
 [33m⠏[0m Container frappe_docker-scheduler-1   Stopping                           [34m4.0s[0m
 [32m✔[0m Container frappe_docker-queue-short-1 [32mStopped[0m                            [34m0.3s[0m
[?25h[?25l[5A[0G[+] stop 2/4
 [32m✔[0m Container frappe_docker-queue-long-1  [32mStopped[0m                            [34m0.2s[0m
 [33m⠋[0m Container frappe_docker-frontend-1    Stopping                           [34m4.1s[0m
 [33m⠋[0m Container frappe_docker-scheduler-1   Stopping                           [34m4.1s[0m
 [32m✔[0m Container frappe_docker-queue-short-1 [32mStopped[0m                            [34m0.3s[0m
[?25h[?25l[5A[0G[+] stop 2/4
 [32m✔[0m Container frappe_docker-queue-long-1  [32mStopped[0m                            [34m0.2s[0m
 [33m⠙[0m Container frappe_docker-frontend-1    Stopping                           [34m4.2s[0m
 [33m⠙[0m Container frappe_docker-scheduler-1   Stopping                           [34m4.2s[0m
 [32m✔[0m Container frappe_docker-queue-short-1 [32mStopped[0m                            [34m0.3s[0m
[?25h[?25l[5A[0G[+] stop 2/4
 [32m✔[0m Container frappe_docker-queue-long-1  [32mStopped[0m                            [34m0.2s[0m
 [33m⠹[0m Container frappe_docker-frontend-1    Stopping                           [34m4.3s[0m
 [33m⠹[0m Container frappe_docker-scheduler-1   Stopping                           [34m4.3s[0m
 [32m✔[0m Container frappe_docker-queue-short-1 [32mStopped[0m                            [34m0.3s[0m
[?25h[?25l[5A[0G[+] stop 2/4
 [32m✔[0m Container frappe_docker-queue-long-1  [32mStopped[0m                            [34m0.2s[0m
 [33m⠸[0m Container frappe_docker-frontend-1    Stopping                           [34m4.4s[0m
 [33m⠸[0m Container frappe_docker-scheduler-1   Stopping                           [34m4.4s[0m
 [32m✔[0m Container frappe_docker-queue-short-1 [32mStopped[0m                            [34m0.3s[0m
[?25h[?25l[5A[0G[+] stop 2/4
 [32m✔[0m Container frappe_docker-queue-long-1  [32mStopped[0m                            [34m0.2s[0m
 [33m⠼[0m Container frappe_docker-frontend-1    Stopping                           [34m4.5s[0m
 [33m⠼[0m Container frappe_docker-scheduler-1   Stopping                           [34m4.5s[0m
 [32m✔[0m Container frappe_docker-queue-short-1 [32mStopped[0m                            [34m0.3s[0m
[?25h[?25l[5A[0G[+] stop 2/4
 [32m✔[0m Container frappe_docker-queue-long-1  [32mStopped[0m                            [34m0.2s[0m
 [33m⠴[0m Container frappe_docker-frontend-1    Stopping                           [34m4.6s[0m
 [33m⠴[0m Container frappe_docker-scheduler-1   Stopping                           [34m4.6s[0m
 [32m✔[0m Container frappe_docker-queue-short-1 [32mStopped[0m                            [34m0.3s[0m
[?25h[?25l[5A[0G[+] stop 2/4
 [32m✔[0m Container frappe_docker-queue-long-1  [32mStopped[0m                            [34m0.2s[0m
 [33m⠦[0m Container frappe_docker-frontend-1    Stopping                           [34m4.7s[0m
 [33m⠦[0m Container frappe_docker-scheduler-1   Stopping                           [34m4.7s[0m
 [32m✔[0m Container frappe_docker-queue-short-1 [32mStopped[0m                            [34m0.3s[0m
[?25h[?25l[5A[0G[+] stop 2/4
 [32m✔[0m Container frappe_docker-queue-long-1  [32mStopped[0m                            [34m0.2s[0m
 [33m⠧[0m Container frappe_docker-frontend-1    Stopping                           [34m4.8s[0m
 [33m⠧[0m Container frappe_docker-scheduler-1   Stopping                           [34m4.8s[0m
 [32m✔[0m Container frappe_docker-queue-short-1 [32mStopped[0m                            [34m0.3s[0m
[?25h[?25l[5A[0G[+] stop 2/4
 [32m✔[0m Container frappe_docker-queue-long-1  [32mStopped[0m                            [34m0.2s[0m
 [33m⠇[0m Container frappe_docker-frontend-1    Stopping                           [34m4.9s[0m
 [33m⠇[0m Container frappe_docker-scheduler-1   Stopping                           [34m4.9s[0m
 [32m✔[0m Container frappe_docker-queue-short-1 [32mStopped[0m                            [34m0.3s[0m
[?25h[?25l[5A[0G[+] stop 2/4
 [32m✔[0m Container frappe_docker-queue-long-1  [32mStopped[0m                            [34m0.2s[0m
 [33m⠏[0m Container frappe_docker-frontend-1    Stopping                           [34m5.0s[0m
 [33m⠏[0m Container frappe_docker-scheduler-1   Stopping                           [34m5.0s[0m
 [32m✔[0m Container frappe_docker-queue-short-1 [32mStopped[0m                            [34m0.3s[0m
[?25h[?25l[5A[0G[+] stop 2/4
 [32m✔[0m Container frappe_docker-queue-long-1  [32mStopped[0m                            [34m0.2s[0m
 [33m⠋[0m Container frappe_docker-frontend-1    Stopping                           [34m5.1s[0m
 [33m⠋[0m Container frappe_docker-scheduler-1   Stopping                           [34m5.1s[0m
 [32m✔[0m Container frappe_docker-queue-short-1 [32mStopped[0m                            [34m0.3s[0m
[?25h[?25l[5A[0G[+] stop 2/4
 [32m✔[0m Container frappe_docker-queue-long-1  [32mStopped[0m                            [34m0.2s[0m
 [33m⠙[0m Container frappe_docker-frontend-1    Stopping                           [34m5.2s[0m
 [33m⠙[0m Container frappe_docker-scheduler-1   Stopping                           [34m5.2s[0m
 [32m✔[0m Container frappe_docker-queue-short-1 [32mStopped[0m                            [34m0.3s[0m
[?25h[?25l[5A[0G[+] stop 2/4
 [32m✔[0m Container frappe_docker-queue-long-1  [32mStopped[0m                            [34m0.2s[0m
 [33m⠹[0m Container frappe_docker-frontend-1    Stopping                           [34m5.3s[0m
 [33m⠹[0m Container frappe_docker-scheduler-1   Stopping                           [34m5.3s[0m
 [32m✔[0m Container frappe_docker-queue-short-1 [32mStopped[0m                            [34m0.3s[0m
[?25h[?25l[5A[0G[+] stop 2/4
 [32m✔[0m Container frappe_docker-queue-long-1  [32mStopped[0m                            [34m0.2s[0m
 [33m⠸[0m Container frappe_docker-frontend-1    Stopping                           [34m5.4s[0m
 [33m⠸[0m Container frappe_docker-scheduler-1   Stopping                           [34m5.4s[0m
 [32m✔[0m Container frappe_docker-queue-short-1 [32mStopped[0m                            [34m0.3s[0m
[?25h[?25l[5A[0G[+] stop 2/4
 [32m✔[0m Container frappe_docker-queue-long-1  [32mStopped[0m                            [34m0.2s[0m
 [33m⠼[0m Container frappe_docker-frontend-1    Stopping                           [34m5.5s[0m
 [33m⠼[0m Container frappe_docker-scheduler-1   Stopping                           [34m5.5s[0m
 [32m✔[0m Container frappe_docker-queue-short-1 [32mStopped[0m                            [34m0.3s[0m
[?25h[?25l[5A[0G[+] stop 2/4
 [32m✔[0m Container frappe_docker-queue-long-1  [32mStopped[0m                            [34m0.2s[0m
 [33m⠴[0m Container frappe_docker-frontend-1    Stopping                           [34m5.6s[0m
 [33m⠴[0m Container frappe_docker-scheduler-1   Stopping                           [34m5.6s[0m
 [32m✔[0m Container frappe_docker-queue-short-1 [32mStopped[0m                            [34m0.3s[0m
[?25h[?25l[5A[0G[+] stop 2/4
 [32m✔[0m Container frappe_docker-queue-long-1  [32mStopped[0m                            [34m0.2s[0m
 [33m⠦[0m Container frappe_docker-frontend-1    Stopping                           [34m5.7s[0m
 [33m⠦[0m Container frappe_docker-scheduler-1   Stopping                           [34m5.7s[0m
 [32m✔[0m Container frappe_docker-queue-short-1 [32mStopped[0m                            [34m0.3s[0m
[?25h[?25l[5A[0G[+] stop 2/4
 [32m✔[0m Container frappe_docker-queue-long-1  [32mStopped[0m                            [34m0.2s[0m
 [33m⠧[0m Container frappe_docker-frontend-1    Stopping                           [34m5.8s[0m
 [33m⠧[0m Container frappe_docker-scheduler-1   Stopping                           [34m5.8s[0m
 [32m✔[0m Container frappe_docker-queue-short-1 [32mStopped[0m                            [34m0.3s[0m
[?25h[?25l[5A[0G[+] stop 2/4
 [32m✔[0m Container frappe_docker-queue-long-1  [32mStopped[0m                            [34m0.2s[0m
 [33m⠇[0m Container frappe_docker-frontend-1    Stopping                           [34m5.9s[0m
 [33m⠇[0m Container frappe_docker-scheduler-1   Stopping                           [34m5.9s[0m
 [32m✔[0m Container frappe_docker-queue-short-1 [32mStopped[0m                            [34m0.3s[0m
[?25h[?25l[5A[0G[+] stop 2/4
 [32m✔[0m Container frappe_docker-queue-long-1  [32mStopped[0m                            [34m0.2s[0m
 [33m⠏[0m Container frappe_docker-frontend-1    Stopping                           [34m6.0s[0m
 [33m⠏[0m Container frappe_docker-scheduler-1   Stopping                           [34m6.0s[0m
 [32m✔[0m Container frappe_docker-queue-short-1 [32mStopped[0m                            [34m0.3s[0m
[?25h[?25l[5A[0G[+] stop 2/4
 [32m✔[0m Container frappe_docker-queue-long-1  [32mStopped[0m                            [34m0.2s[0m
 [33m⠋[0m Container frappe_docker-frontend-1    Stopping                           [34m6.1s[0m
 [33m⠋[0m Container frappe_docker-scheduler-1   Stopping                           [34m6.1s[0m
 [32m✔[0m Container frappe_docker-queue-short-1 [32mStopped[0m                            [34m0.3s[0m
[?25h[?25l[5A[0G[+] stop 2/4
 [32m✔[0m Container frappe_docker-queue-long-1  [32mStopped[0m                            [34m0.2s[0m
 [33m⠙[0m Container frappe_docker-frontend-1    Stopping                           [34m6.2s[0m
 [33m⠙[0m Container frappe_docker-scheduler-1   Stopping                           [34m6.2s[0m
 [32m✔[0m Container frappe_docker-queue-short-1 [32mStopped[0m                            [34m0.3s[0m
[?25h[?25l[5A[0G[+] stop 2/4
 [32m✔[0m Container frappe_docker-queue-long-1  [32mStopped[0m                            [34m0.2s[0m
 [33m⠹[0m Container frappe_docker-frontend-1    Stopping                           [34m6.3s[0m
 [33m⠹[0m Container frappe_docker-scheduler-1   Stopping                           [34m6.3s[0m
 [32m✔[0m Container frappe_docker-queue-short-1 [32mStopped[0m                            [34m0.3s[0m
[?25h[?25l[5A[0G[+] stop 2/4
 [32m✔[0m Container frappe_docker-queue-long-1  [32mStopped[0m                            [34m0.2s[0m
 [33m⠸[0m Container frappe_docker-frontend-1    Stopping                           [34m6.4s[0m
 [33m⠸[0m Container frappe_docker-scheduler-1   Stopping                           [34m6.4s[0m
 [32m✔[0m Container frappe_docker-queue-short-1 [32mStopped[0m                            [34m0.3s[0m
[?25h[?25l[5A[0G[+] stop 2/4
 [32m✔[0m Container frappe_docker-queue-long-1  [32mStopped[0m                            [34m0.2s[0m
 [33m⠼[0m Container frappe_docker-frontend-1    Stopping                           [34m6.5s[0m
 [33m⠼[0m Container frappe_docker-scheduler-1   Stopping                           [34m6.5s[0m
 [32m✔[0m Container frappe_docker-queue-short-1 [32mStopped[0m                            [34m0.3s[0m
[?25h[?25l[5A[0G[+] stop 2/4
 [32m✔[0m Container frappe_docker-queue-long-1  [32mStopped[0m                            [34m0.2s[0m
 [33m⠴[0m Container frappe_docker-frontend-1    Stopping                           [34m6.6s[0m
 [33m⠴[0m Container frappe_docker-scheduler-1   Stopping                           [34m6.6s[0m
 [32m✔[0m Container frappe_docker-queue-short-1 [32mStopped[0m                            [34m0.3s[0m
[?25h[?25l[5A[0G[+] stop 2/4
 [32m✔[0m Container frappe_docker-queue-long-1  [32mStopped[0m                            [34m0.2s[0m
 [33m⠦[0m Container frappe_docker-frontend-1    Stopping                           [34m6.7s[0m
 [33m⠦[0m Container frappe_docker-scheduler-1   Stopping                           [34m6.7s[0m
 [32m✔[0m Container frappe_docker-queue-short-1 [32mStopped[0m                            [34m0.3s[0m
[?25h[?25l[5A[0G[+] stop 2/4
 [32m✔[0m Container frappe_docker-queue-long-1  [32mStopped[0m                            [34m0.2s[0m
 [33m⠧[0m Container frappe_docker-frontend-1    Stopping                           [34m6.8s[0m
 [33m⠧[0m Container frappe_docker-scheduler-1   Stopping                           [34m6.8s[0m
 [32m✔[0m Container frappe_docker-queue-short-1 [32mStopped[0m                            [34m0.3s[0m
[?25h[?25l[5A[0G[+] stop 2/4
 [32m✔[0m Container frappe_docker-queue-long-1  [32mStopped[0m                            [34m0.2s[0m
 [33m⠇[0m Container frappe_docker-frontend-1    Stopping                           [34m6.9s[0m
 [33m⠇[0m Container frappe_docker-scheduler-1   Stopping                           [34m6.9s[0m
 [32m✔[0m Container frappe_docker-queue-short-1 [32mStopped[0m                            [34m0.3s[0m
[?25h[?25l[5A[0G[+] stop 2/4
 [32m✔[0m Container frappe_docker-queue-long-1  [32mStopped[0m                            [34m0.2s[0m
 [33m⠏[0m Container frappe_docker-frontend-1    Stopping                           [34m7.0s[0m
 [33m⠏[0m Container frappe_docker-scheduler-1   Stopping                           [34m7.0s[0m
 [32m✔[0m Container frappe_docker-queue-short-1 [32mStopped[0m                            [34m0.3s[0m
[?25h[?25l[5A[0G[+] stop 2/4
 [32m✔[0m Container frappe_docker-queue-long-1  [32mStopped[0m                            [34m0.2s[0m
 [33m⠋[0m Container frappe_docker-frontend-1    Stopping                           [34m7.1s[0m
 [33m⠋[0m Container frappe_docker-scheduler-1   Stopping                           [34m7.1s[0m
 [32m✔[0m Container frappe_docker-queue-short-1 [32mStopped[0m                            [34m0.3s[0m
[?25h[?25l[5A[0G[+] stop 2/4
 [32m✔[0m Container frappe_docker-queue-long-1  [32mStopped[0m                            [34m0.2s[0m
 [33m⠙[0m Container frappe_docker-frontend-1    Stopping                           [34m7.2s[0m
 [33m⠙[0m Container frappe_docker-scheduler-1   Stopping                           [34m7.2s[0m
 [32m✔[0m Container frappe_docker-queue-short-1 [32mStopped[0m                            [34m0.3s[0m
[?25h[?25l[5A[0G[+] stop 2/4
 [32m✔[0m Container frappe_docker-queue-long-1  [32mStopped[0m                            [34m0.2s[0m
 [33m⠹[0m Container frappe_docker-frontend-1    Stopping                           [34m7.3s[0m
 [33m⠹[0m Container frappe_docker-scheduler-1   Stopping                           [34m7.3s[0m
 [32m✔[0m Container frappe_docker-queue-short-1 [32mStopped[0m                            [34m0.3s[0m
[?25h[?25l[5A[0G[+] stop 2/4
 [32m✔[0m Container frappe_docker-queue-long-1  [32mStopped[0m                            [34m0.2s[0m
 [33m⠸[0m Container frappe_docker-frontend-1    Stopping                           [34m7.4s[0m
 [33m⠸[0m Container frappe_docker-scheduler-1   Stopping                           [34m7.4s[0m
 [32m✔[0m Container frappe_docker-queue-short-1 [32mStopped[0m                            [34m0.3s[0m
[?25h[?25l[5A[0G[+] stop 2/4
 [32m✔[0m Container frappe_docker-queue-long-1  [32mStopped[0m                            [34m0.2s[0m
 [33m⠼[0m Container frappe_docker-frontend-1    Stopping                           [34m7.5s[0m
 [33m⠼[0m Container frappe_docker-scheduler-1   Stopping                           [34m7.5s[0m
 [32m✔[0m Container frappe_docker-queue-short-1 [32mStopped[0m                            [34m0.3s[0m
[?25h[?25l[5A[0G[+] stop 2/4
 [32m✔[0m Container frappe_docker-queue-long-1  [32mStopped[0m                            [34m0.2s[0m
 [33m⠴[0m Container frappe_docker-frontend-1    Stopping                           [34m7.6s[0m
 [33m⠴[0m Container frappe_docker-scheduler-1   Stopping                           [34m7.6s[0m
 [32m✔[0m Container frappe_docker-queue-short-1 [32mStopped[0m                            [34m0.3s[0m
[?25h[?25l[5A[0G[+] stop 2/4
 [32m✔[0m Container frappe_docker-queue-long-1  [32mStopped[0m                            [34m0.2s[0m
 [33m⠦[0m Container frappe_docker-frontend-1    Stopping                           [34m7.7s[0m
 [33m⠦[0m Container frappe_docker-scheduler-1   Stopping                           [34m7.7s[0m
 [32m✔[0m Container frappe_docker-queue-short-1 [32mStopped[0m                            [34m0.3s[0m
[?25h[?25l[5A[0G[+] stop 2/4
 [32m✔[0m Container frappe_docker-queue-long-1  [32mStopped[0m                            [34m0.2s[0m
 [33m⠧[0m Container frappe_docker-frontend-1    Stopping                           [34m7.8s[0m
 [33m⠧[0m Container frappe_docker-scheduler-1   Stopping                           [34m7.8s[0m
 [32m✔[0m Container frappe_docker-queue-short-1 [32mStopped[0m                            [34m0.3s[0m
[?25h[?25l[5A[0G[+] stop 2/4
 [32m✔[0m Container frappe_docker-queue-long-1  [32mStopped[0m                            [34m0.2s[0m
 [33m⠇[0m Container frappe_docker-frontend-1    Stopping                           [34m7.9s[0m
 [33m⠇[0m Container frappe_docker-scheduler-1   Stopping                           [34m7.9s[0m
 [32m✔[0m Container frappe_docker-queue-short-1 [32mStopped[0m                            [34m0.3s[0m
[?25h[?25l[5A[0G[+] stop 2/4
 [32m✔[0m Container frappe_docker-queue-long-1  [32mStopped[0m                            [34m0.2s[0m
 [33m⠏[0m Container frappe_docker-frontend-1    Stopping                           [34m8.0s[0m
 [33m⠏[0m Container frappe_docker-scheduler-1   Stopping                           [34m8.0s[0m
 [32m✔[0m Container frappe_docker-queue-short-1 [32mStopped[0m                            [34m0.3s[0m
[?25h[?25l[5A[0G[+] stop 2/4
 [32m✔[0m Container frappe_docker-queue-long-1  [32mStopped[0m                            [34m0.2s[0m
 [33m⠋[0m Container frappe_docker-frontend-1    Stopping                           [34m8.1s[0m
 [33m⠋[0m Container frappe_docker-scheduler-1   Stopping                           [34m8.1s[0m
 [32m✔[0m Container frappe_docker-queue-short-1 [32mStopped[0m                            [34m0.3s[0m
[?25h[?25l[5A[0G[+] stop 2/4
 [32m✔[0m Container frappe_docker-queue-long-1  [32mStopped[0m                            [34m0.2s[0m
 [33m⠙[0m Container frappe_docker-frontend-1    Stopping                           [34m8.2s[0m
 [33m⠙[0m Container frappe_docker-scheduler-1   Stopping                           [34m8.2s[0m
 [32m✔[0m Container frappe_docker-queue-short-1 [32mStopped[0m                            [34m0.3s[0m
[?25h[?25l[5A[0G[+] stop 2/4
 [32m✔[0m Container frappe_docker-queue-long-1  [32mStopped[0m                            [34m0.2s[0m
 [33m⠹[0m Container frappe_docker-frontend-1    Stopping                           [34m8.3s[0m
 [33m⠹[0m Container frappe_docker-scheduler-1   Stopping                           [34m8.3s[0m
 [32m✔[0m Container frappe_docker-queue-short-1 [32mStopped[0m                            [34m0.3s[0m
[?25h[?25l[5A[0G[+] stop 2/4
 [32m✔[0m Container frappe_docker-queue-long-1  [32mStopped[0m                            [34m0.2s[0m
 [33m⠸[0m Container frappe_docker-frontend-1    Stopping                           [34m8.4s[0m
 [33m⠸[0m Container frappe_docker-scheduler-1   Stopping                           [34m8.4s[0m
 [32m✔[0m Container frappe_docker-queue-short-1 [32mStopped[0m                            [34m0.3s[0m
[?25h[?25l[5A[0G[+] stop 2/4
 [32m✔[0m Container frappe_docker-queue-long-1  [32mStopped[0m                            [34m0.2s[0m
 [33m⠼[0m Container frappe_docker-frontend-1    Stopping                           [34m8.5s[0m
 [33m⠼[0m Container frappe_docker-scheduler-1   Stopping                           [34m8.5s[0m
 [32m✔[0m Container frappe_docker-queue-short-1 [32mStopped[0m                            [34m0.3s[0m
[?25h[?25l[5A[0G[+] stop 2/4
 [32m✔[0m Container frappe_docker-queue-long-1  [32mStopped[0m                            [34m0.2s[0m
 [33m⠴[0m Container frappe_docker-frontend-1    Stopping                           [34m8.6s[0m
 [33m⠴[0m Container frappe_docker-scheduler-1   Stopping                           [34m8.6s[0m
 [32m✔[0m Container frappe_docker-queue-short-1 [32mStopped[0m                            [34m0.3s[0m
[?25h[?25l[5A[0G[+] stop 2/4
 [32m✔[0m Container frappe_docker-queue-long-1  [32mStopped[0m                            [34m0.2s[0m
 [33m⠦[0m Container frappe_docker-frontend-1    Stopping                           [34m8.7s[0m
 [33m⠦[0m Container frappe_docker-scheduler-1   Stopping                           [34m8.7s[0m
 [32m✔[0m Container frappe_docker-queue-short-1 [32mStopped[0m                            [34m0.3s[0m
[?25h[?25l[5A[0G[+] stop 2/4
 [32m✔[0m Container frappe_docker-queue-long-1  [32mStopped[0m                            [34m0.2s[0m
 [33m⠧[0m Container frappe_docker-frontend-1    Stopping                           [34m8.8s[0m
 [33m⠧[0m Container frappe_docker-scheduler-1   Stopping                           [34m8.8s[0m
 [32m✔[0m Container frappe_docker-queue-short-1 [32mStopped[0m                            [34m0.3s[0m
[?25h[?25l[5A[0G[+] stop 2/4
 [32m✔[0m Container frappe_docker-queue-long-1  [32mStopped[0m                            [34m0.2s[0m
 [33m⠇[0m Container frappe_docker-frontend-1    Stopping                           [34m8.9s[0m
 [33m⠇[0m Container frappe_docker-scheduler-1   Stopping                           [34m8.9s[0m
 [32m✔[0m Container frappe_docker-queue-short-1 [32mStopped[0m                            [34m0.3s[0m
[?25h[?25l[5A[0G[+] stop 2/4
 [32m✔[0m Container frappe_docker-queue-long-1  [32mStopped[0m                            [34m0.2s[0m
 [33m⠏[0m Container frappe_docker-frontend-1    Stopping                           [34m9.0s[0m
 [33m⠏[0m Container frappe_docker-scheduler-1   Stopping                           [34m9.0s[0m
 [32m✔[0m Container frappe_docker-queue-short-1 [32mStopped[0m                            [34m0.3s[0m
[?25h[?25l[5A[0G[+] stop 2/4
 [32m✔[0m Container frappe_docker-queue-long-1  [32mStopped[0m                            [34m0.2s[0m
 [33m⠋[0m Container frappe_docker-frontend-1    Stopping                           [34m9.1s[0m
 [33m⠋[0m Container frappe_docker-scheduler-1   Stopping                           [34m9.1s[0m
 [32m✔[0m Container frappe_docker-queue-short-1 [32mStopped[0m                            [34m0.3s[0m
[?25h[?25l[5A[0G[+] stop 2/4
 [32m✔[0m Container frappe_docker-queue-long-1  [32mStopped[0m                            [34m0.2s[0m
 [33m⠙[0m Container frappe_docker-frontend-1    Stopping                           [34m9.2s[0m
 [33m⠙[0m Container frappe_docker-scheduler-1   Stopping                           [34m9.2s[0m
 [32m✔[0m Container frappe_docker-queue-short-1 [32mStopped[0m                            [34m0.3s[0m
[?25h[?25l[5A[0G[+] stop 2/4
 [32m✔[0m Container frappe_docker-queue-long-1  [32mStopped[0m                            [34m0.2s[0m
 [33m⠹[0m Container frappe_docker-frontend-1    Stopping                           [34m9.3s[0m
 [33m⠹[0m Container frappe_docker-scheduler-1   Stopping                           [34m9.3s[0m
 [32m✔[0m Container frappe_docker-queue-short-1 [32mStopped[0m                            [34m0.3s[0m
[?25h[?25l[5A[0G[+] stop 2/4
 [32m✔[0m Container frappe_docker-queue-long-1  [32mStopped[0m                            [34m0.2s[0m
 [33m⠸[0m Container frappe_docker-frontend-1    Stopping                           [34m9.4s[0m
 [33m⠸[0m Container frappe_docker-scheduler-1   Stopping                           [34m9.4s[0m
 [32m✔[0m Container frappe_docker-queue-short-1 [32mStopped[0m                            [34m0.3s[0m
[?25h[?25l[5A[0G[+] stop 2/4
 [32m✔[0m Container frappe_docker-queue-long-1  [32mStopped[0m                            [34m0.2s[0m
 [33m⠼[0m Container frappe_docker-frontend-1    Stopping                           [34m9.5s[0m
 [33m⠼[0m Container frappe_docker-scheduler-1   Stopping                           [34m9.5s[0m
 [32m✔[0m Container frappe_docker-queue-short-1 [32mStopped[0m                            [34m0.3s[0m
[?25h[?25l[5A[0G[+] stop 2/4
 [32m✔[0m Container frappe_docker-queue-long-1  [32mStopped[0m                            [34m0.2s[0m
 [33m⠴[0m Container frappe_docker-frontend-1    Stopping                           [34m9.6s[0m
 [33m⠴[0m Container frappe_docker-scheduler-1   Stopping                           [34m9.6s[0m
 [32m✔[0m Container frappe_docker-queue-short-1 [32mStopped[0m                            [34m0.3s[0m
[?25h[?25l[5A[0G[+] stop 2/4
 [32m✔[0m Container frappe_docker-queue-long-1  [32mStopped[0m                            [34m0.2s[0m
 [33m⠦[0m Container frappe_docker-frontend-1    Stopping                           [34m9.7s[0m
 [33m⠦[0m Container frappe_docker-scheduler-1   Stopping                           [34m9.7s[0m
 [32m✔[0m Container frappe_docker-queue-short-1 [32mStopped[0m                            [34m0.3s[0m
[?25h[?25l[5A[0G[+] stop 2/4
 [32m✔[0m Container frappe_docker-queue-long-1  [32mStopped[0m                            [34m0.2s[0m
 [33m⠧[0m Container frappe_docker-frontend-1    Stopping                           [34m9.8s[0m
 [33m⠧[0m Container frappe_docker-scheduler-1   Stopping                           [34m9.8s[0m
 [32m✔[0m Container frappe_docker-queue-short-1 [32mStopped[0m                            [34m0.3s[0m
[?25h[?25l[5A[0G[+] stop 2/4
 [32m✔[0m Container frappe_docker-queue-long-1  [32mStopped[0m                            [34m0.2s[0m
 [33m⠇[0m Container frappe_docker-frontend-1    Stopping                           [34m9.9s[0m
 [33m⠇[0m Container frappe_docker-scheduler-1   Stopping                           [34m9.9s[0m
 [32m✔[0m Container frappe_docker-queue-short-1 [32mStopped[0m                            [34m0.3s[0m
[?25h[?25l[5A[0G[+] stop 2/4
 [32m✔[0m Container frappe_docker-queue-long-1  [32mStopped[0m                           [34m 0.2s[0m
 [33m⠏[0m Container frappe_docker-frontend-1    Stopping                          [34m10.0s[0m
 [33m⠏[0m Container frappe_docker-scheduler-1   Stopping                          [34m10.0s[0m
 [32m✔[0m Container frappe_docker-queue-short-1 [32mStopped[0m                           [34m 0.3s[0m
[?25h[?25l[5A[0G[+] stop 2/4
 [32m✔[0m Container frappe_docker-queue-long-1  [32mStopped[0m                           [34m 0.2s[0m
 [33m⠋[0m Container frappe_docker-frontend-1    Stopping                          [34m10.1s[0m
 [33m⠋[0m Container frappe_docker-scheduler-1   Stopping                          [34m10.1s[0m
 [32m✔[0m Container frappe_docker-queue-short-1 [32mStopped[0m                           [34m 0.3s[0m
[?25h[?25l[5A[0G[+] stop 4/5
 [32m✔[0m Container frappe_docker-queue-long-1  [32mStopped[0m                           [34m 0.2s[0m
 [32m✔[0m Container frappe_docker-frontend-1    [32mStopped[0m                           [34m10.1s[0m
 [32m✔[0m Container frappe_docker-scheduler-1   [32mStopped[0m                           [34m10.1s[0m
 [32m✔[0m Container frappe_docker-queue-short-1 [32mStopped[0m                           [34m 0.3s[0m
 [33m⠋[0m Container frappe_docker-websocket-1   Stopping                          [34m 0.0s[0m
[?25h[?25l[6A[0G[+] stop 4/5
 [32m✔[0m Container frappe_docker-queue-long-1  [32mStopped[0m                           [34m 0.2s[0m
 [32m✔[0m Container frappe_docker-frontend-1    [32mStopped[0m                           [34m10.1s[0m
 [32m✔[0m Container frappe_docker-scheduler-1   [32mStopped[0m                           [34m10.1s[0m
 [32m✔[0m Container frappe_docker-queue-short-1 [32mStopped[0m                           [34m 0.3s[0m
 [33m⠙[0m Container frappe_docker-websocket-1   Stopping                          [34m 0.1s[0m
[?25h[?25l[6A[0G[+] stop 4/5
 [32m✔[0m Container frappe_docker-queue-long-1  [32mStopped[0m                           [34m 0.2s[0m
 [32m✔[0m Container frappe_docker-frontend-1    [32mStopped[0m                           [34m10.1s[0m
 [32m✔[0m Container frappe_docker-scheduler-1   [32mStopped[0m                           [34m10.1s[0m
 [32m✔[0m Container frappe_docker-queue-short-1 [32mStopped[0m                           [34m 0.3s[0m
 [33m⠹[0m Container frappe_docker-websocket-1   Stopping                          [34m 0.2s[0m
[?25h[?25l[6A[0G[+] stop 4/5
 [32m✔[0m Container frappe_docker-queue-long-1  [32mStopped[0m                           [34m 0.2s[0m
 [32m✔[0m Container frappe_docker-frontend-1    [32mStopped[0m                           [34m10.1s[0m
 [32m✔[0m Container frappe_docker-scheduler-1   [32mStopped[0m                           [34m10.1s[0m
 [32m✔[0m Container frappe_docker-queue-short-1 [32mStopped[0m                           [34m 0.3s[0m
 [33m⠸[0m Container frappe_docker-websocket-1   Stopping                          [34m 0.4s[0m
[?25h[?25l[6A[0G[+] stop 4/5
 [32m✔[0m Container frappe_docker-queue-long-1  [32mStopped[0m                           [34m 0.2s[0m
 [32m✔[0m Container frappe_docker-frontend-1    [32mStopped[0m                           [34m10.1s[0m
 [32m✔[0m Container frappe_docker-scheduler-1   [32mStopped[0m                           [34m10.1s[0m
 [32m✔[0m Container frappe_docker-queue-short-1 [32mStopped[0m                           [34m 0.3s[0m
 [33m⠼[0m Container frappe_docker-websocket-1   Stopping                          [34m 0.4s[0m
[?25h[?25l[6A[0G[+] stop 4/5
 [32m✔[0m Container frappe_docker-queue-long-1  [32mStopped[0m                           [34m 0.2s[0m
 [32m✔[0m Container frappe_docker-frontend-1    [32mStopped[0m                           [34m10.1s[0m
 [32m✔[0m Container frappe_docker-scheduler-1   [32mStopped[0m                           [34m10.1s[0m
 [32m✔[0m Container frappe_docker-queue-short-1 [32mStopped[0m                           [34m 0.3s[0m
 [33m⠴[0m Container frappe_docker-websocket-1   Stopping                          [34m 0.5s[0m
[?25h[?25l[6A[0G[+] stop 4/5
 [32m✔[0m Container frappe_docker-queue-long-1  [32mStopped[0m                           [34m 0.2s[0m
 [32m✔[0m Container frappe_docker-frontend-1    [32mStopped[0m                           [34m10.1s[0m
 [32m✔[0m Container frappe_docker-scheduler-1   [32mStopped[0m                           [34m10.1s[0m
 [32m✔[0m Container frappe_docker-queue-short-1 [32mStopped[0m                           [34m 0.3s[0m
 [33m⠦[0m Container frappe_docker-websocket-1   Stopping                          [34m 0.6s[0m
[?25h[?25l[6A[0G[+] stop 4/5
 [32m✔[0m Container frappe_docker-queue-long-1  [32mStopped[0m                           [34m 0.2s[0m
 [32m✔[0m Container frappe_docker-frontend-1    [32mStopped[0m                           [34m10.1s[0m
 [32m✔[0m Container frappe_docker-scheduler-1   [32mStopped[0m                           [34m10.1s[0m
 [32m✔[0m Container frappe_docker-queue-short-1 [32mStopped[0m                           [34m 0.3s[0m
 [33m⠧[0m Container frappe_docker-websocket-1   Stopping                          [34m 0.7s[0m
[?25h[?25l[6A[0G[+] stop 4/5
 [32m✔[0m Container frappe_docker-queue-long-1  [32mStopped[0m                           [34m 0.2s[0m
 [32m✔[0m Container frappe_docker-frontend-1    [32mStopped[0m                           [34m10.1s[0m
 [32m✔[0m Container frappe_docker-scheduler-1   [32mStopped[0m                           [34m10.1s[0m
 [32m✔[0m Container frappe_docker-queue-short-1 [32mStopped[0m                           [34m 0.3s[0m
 [33m⠇[0m Container frappe_docker-websocket-1   Stopping                          [34m 0.8s[0m
[?25h[?25l[6A[0G[+] stop 4/5
 [32m✔[0m Container frappe_docker-queue-long-1  [32mStopped[0m                           [34m 0.2s[0m
 [32m✔[0m Container frappe_docker-frontend-1    [32mStopped[0m                           [34m10.1s[0m
 [32m✔[0m Container frappe_docker-scheduler-1   [32mStopped[0m                           [34m10.1s[0m
 [32m✔[0m Container frappe_docker-queue-short-1 [32mStopped[0m                           [34m 0.3s[0m
 [33m⠏[0m Container frappe_docker-websocket-1   Stopping                          [34m 0.9s[0m
[?25h[?25l[6A[0G[+] stop 4/5
 [32m✔[0m Container frappe_docker-queue-long-1  [32mStopped[0m                           [34m 0.2s[0m
 [32m✔[0m Container frappe_docker-frontend-1    [32mStopped[0m                           [34m10.1s[0m
 [32m✔[0m Container frappe_docker-scheduler-1   [32mStopped[0m                           [34m10.1s[0m
 [32m✔[0m Container frappe_docker-queue-short-1 [32mStopped[0m                           [34m 0.3s[0m
 [33m⠋[0m Container frappe_docker-websocket-1   Stopping                          [34m 1.0s[0m
[?25h[?25l[6A[0G[+] stop 4/5
 [32m✔[0m Container frappe_docker-queue-long-1  [32mStopped[0m                           [34m 0.2s[0m
 [32m✔[0m Container frappe_docker-frontend-1    [32mStopped[0m                           [34m10.1s[0m
 [32m✔[0m Container frappe_docker-scheduler-1   [32mStopped[0m                           [34m10.1s[0m
 [32m✔[0m Container frappe_docker-queue-short-1 [32mStopped[0m                           [34m 0.3s[0m
 [33m⠙[0m Container frappe_docker-websocket-1   Stopping                          [34m 1.2s[0m
[?25h[?25l[6A[0G[+] stop 4/5
 [32m✔[0m Container frappe_docker-queue-long-1  [32mStopped[0m                           [34m 0.2s[0m
 [32m✔[0m Container frappe_docker-frontend-1    [32mStopped[0m                           [34m10.1s[0m
 [32m✔[0m Container frappe_docker-scheduler-1   [32mStopped[0m                           [34m10.1s[0m
 [32m✔[0m Container frappe_docker-queue-short-1 [32mStopped[0m                           [34m 0.3s[0m
 [33m⠹[0m Container frappe_docker-websocket-1   Stopping                          [34m 1.2s[0m
[?25h[?25l[6A[0G[+] stop 4/5
 [32m✔[0m Container frappe_docker-queue-long-1  [32mStopped[0m                           [34m 0.2s[0m
 [32m✔[0m Container frappe_docker-frontend-1    [32mStopped[0m                           [34m10.1s[0m
 [32m✔[0m Container frappe_docker-scheduler-1   [32mStopped[0m                           [34m10.1s[0m
 [32m✔[0m Container frappe_docker-queue-short-1 [32mStopped[0m                           [34m 0.3s[0m
 [33m⠸[0m Container frappe_docker-websocket-1   Stopping                          [34m 1.3s[0m
[?25h[?25l[6A[0G[+] stop 4/5
 [32m✔[0m Container frappe_docker-queue-long-1  [32mStopped[0m                           [34m 0.2s[0m
 [32m✔[0m Container frappe_docker-frontend-1    [32mStopped[0m                           [34m10.1s[0m
 [32m✔[0m Container frappe_docker-scheduler-1   [32mStopped[0m                           [34m10.1s[0m
 [32m✔[0m Container frappe_docker-queue-short-1 [32mStopped[0m                           [34m 0.3s[0m
 [33m⠼[0m Container frappe_docker-websocket-1   Stopping                          [34m 1.4s[0m
[?25h[?25l[6A[0G[+] stop 4/5
 [32m✔[0m Container frappe_docker-queue-long-1  [32mStopped[0m                           [34m 0.2s[0m
 [32m✔[0m Container frappe_docker-frontend-1    [32mStopped[0m                           [34m10.1s[0m
 [32m✔[0m Container frappe_docker-scheduler-1   [32mStopped[0m                           [34m10.1s[0m
 [32m✔[0m Container frappe_docker-queue-short-1 [32mStopped[0m                           [34m 0.3s[0m
 [33m⠴[0m Container frappe_docker-websocket-1   Stopping                          [34m 1.5s[0m
[?25h[?25l[6A[0G[+] stop 4/5
 [32m✔[0m Container frappe_docker-queue-long-1  [32mStopped[0m                           [34m 0.2s[0m
 [32m✔[0m Container frappe_docker-frontend-1    [32mStopped[0m                           [34m10.1s[0m
 [32m✔[0m Container frappe_docker-scheduler-1   [32mStopped[0m                           [34m10.1s[0m
 [32m✔[0m Container frappe_docker-queue-short-1 [32mStopped[0m                           [34m 0.3s[0m
 [33m⠦[0m Container frappe_docker-websocket-1   Stopping                          [34m 1.7s[0m
[?25h[?25l[6A[0G[+] stop 4/5
 [32m✔[0m Container frappe_docker-queue-long-1  [32mStopped[0m                           [34m 0.2s[0m
 [32m✔[0m Container frappe_docker-frontend-1    [32mStopped[0m                           [34m10.1s[0m
 [32m✔[0m Container frappe_docker-scheduler-1   [32mStopped[0m                           [34m10.1s[0m
 [32m✔[0m Container frappe_docker-queue-short-1 [32mStopped[0m                           [34m 0.3s[0m
 [33m⠧[0m Container frappe_docker-websocket-1   Stopping                          [34m 1.7s[0m
[?25h[?25l[6A[0G[+] stop 4/5
 [32m✔[0m Container frappe_docker-queue-long-1  [32mStopped[0m                           [34m 0.2s[0m
 [32m✔[0m Container frappe_docker-frontend-1    [32mStopped[0m                           [34m10.1s[0m
 [32m✔[0m Container frappe_docker-scheduler-1   [32mStopped[0m                           [34m10.1s[0m
 [32m✔[0m Container frappe_docker-queue-short-1 [32mStopped[0m                           [34m 0.3s[0m
 [33m⠇[0m Container frappe_docker-websocket-1   Stopping                          [34m 1.9s[0m
[?25h[?25l[6A[0G[+] stop 4/5
 [32m✔[0m Container frappe_docker-queue-long-1  [32mStopped[0m                           [34m 0.2s[0m
 [32m✔[0m Container frappe_docker-frontend-1    [32mStopped[0m                           [34m10.1s[0m
 [32m✔[0m Container frappe_docker-scheduler-1   [32mStopped[0m                           [34m10.1s[0m
 [32m✔[0m Container frappe_docker-queue-short-1 [32mStopped[0m                           [34m 0.3s[0m
 [33m⠏[0m Container frappe_docker-websocket-1   Stopping                          [34m 1.9s[0m
[?25h[?25l[6A[0G[+] stop 4/5
 [32m✔[0m Container frappe_docker-queue-long-1  [32mStopped[0m                           [34m 0.2s[0m
 [32m✔[0m Container frappe_docker-frontend-1    [32mStopped[0m                           [34m10.1s[0m
 [32m✔[0m Container frappe_docker-scheduler-1   [32mStopped[0m                           [34m10.1s[0m
 [32m✔[0m Container frappe_docker-queue-short-1 [32mStopped[0m                           [34m 0.3s[0m
 [33m⠋[0m Container frappe_docker-websocket-1   Stopping                          [34m 2.0s[0m
[?25h[?25l[6A[0G[+] stop 4/5
 [32m✔[0m Container frappe_docker-queue-long-1  [32mStopped[0m                           [34m 0.2s[0m
 [32m✔[0m Container frappe_docker-frontend-1    [32mStopped[0m                           [34m10.1s[0m
 [32m✔[0m Container frappe_docker-scheduler-1   [32mStopped[0m                           [34m10.1s[0m
 [32m✔[0m Container frappe_docker-queue-short-1 [32mStopped[0m                           [34m 0.3s[0m
 [33m⠙[0m Container frappe_docker-websocket-1   Stopping                          [34m 2.1s[0m
[?25h[?25l[6A[0G[+] stop 4/5
 [32m✔[0m Container frappe_docker-queue-long-1  [32mStopped[0m                           [34m 0.2s[0m
 [32m✔[0m Container frappe_docker-frontend-1    [32mStopped[0m                           [34m10.1s[0m
 [32m✔[0m Container frappe_docker-scheduler-1   [32mStopped[0m                           [34m10.1s[0m
 [32m✔[0m Container frappe_docker-queue-short-1 [32mStopped[0m                           [34m 0.3s[0m
 [33m⠹[0m Container frappe_docker-websocket-1   Stopping                          [34m 2.3s[0m
[?25h[?25l[6A[0G[+] stop 4/5
 [32m✔[0m Container frappe_docker-queue-long-1  [32mStopped[0m                           [34m 0.2s[0m
 [32m✔[0m Container frappe_docker-frontend-1    [32mStopped[0m                           [34m10.1s[0m
 [32m✔[0m Container frappe_docker-scheduler-1   [32mStopped[0m                           [34m10.1s[0m
 [32m✔[0m Container frappe_docker-queue-short-1 [32mStopped[0m                           [34m 0.3s[0m
 [33m⠸[0m Container frappe_docker-websocket-1   Stopping                          [34m 2.3s[0m
[?25h[?25l[6A[0G[+] stop 4/5
 [32m✔[0m Container frappe_docker-queue-long-1  [32mStopped[0m                           [34m 0.2s[0m
 [32m✔[0m Container frappe_docker-frontend-1    [32mStopped[0m                           [34m10.1s[0m
 [32m✔[0m Container frappe_docker-scheduler-1   [32mStopped[0m                           [34m10.1s[0m
 [32m✔[0m Container frappe_docker-queue-short-1 [32mStopped[0m                           [34m 0.3s[0m
 [33m⠼[0m Container frappe_docker-websocket-1   Stopping                          [34m 2.4s[0m
[?25h[?25l[6A[0G[+] stop 4/5
 [32m✔[0m Container frappe_docker-queue-long-1  [32mStopped[0m                           [34m 0.2s[0m
 [32m✔[0m Container frappe_docker-frontend-1    [32mStopped[0m                           [34m10.1s[0m
 [32m✔[0m Container frappe_docker-scheduler-1   [32mStopped[0m                           [34m10.1s[0m
 [32m✔[0m Container frappe_docker-queue-short-1 [32mStopped[0m                           [34m 0.3s[0m
 [33m⠴[0m Container frappe_docker-websocket-1   Stopping                          [34m 2.6s[0m
[?25h[?25l[6A[0G[+] stop 4/5
 [32m✔[0m Container frappe_docker-queue-long-1  [32mStopped[0m                           [34m 0.2s[0m
 [32m✔[0m Container frappe_docker-frontend-1    [32mStopped[0m                           [34m10.1s[0m
 [32m✔[0m Container frappe_docker-scheduler-1   [32mStopped[0m                           [34m10.1s[0m
 [32m✔[0m Container frappe_docker-queue-short-1 [32mStopped[0m                           [34m 0.3s[0m
 [33m⠦[0m Container frappe_docker-websocket-1   Stopping                          [34m 2.6s[0m
[?25h[?25l[6A[0G[+] stop 4/5
 [32m✔[0m Container frappe_docker-queue-long-1  [32mStopped[0m                           [34m 0.2s[0m
 [32m✔[0m Container frappe_docker-frontend-1    [32mStopped[0m                           [34m10.1s[0m
 [32m✔[0m Container frappe_docker-scheduler-1   [32mStopped[0m                           [34m10.1s[0m
 [32m✔[0m Container frappe_docker-queue-short-1 [32mStopped[0m                           [34m 0.3s[0m
 [33m⠧[0m Container frappe_docker-websocket-1   Stopping                          [34m 2.7s[0m
[?25h[?25l[6A[0G[+] stop 4/5
 [32m✔[0m Container frappe_docker-queue-long-1  [32mStopped[0m                           [34m 0.2s[0m
 [32m✔[0m Container frappe_docker-frontend-1    [32mStopped[0m                           [34m10.1s[0m
 [32m✔[0m Container frappe_docker-scheduler-1   [32mStopped[0m                           [34m10.1s[0m
 [32m✔[0m Container frappe_docker-queue-short-1 [32mStopped[0m                           [34m 0.3s[0m
 [33m⠇[0m Container frappe_docker-websocket-1   Stopping                          [34m 2.9s[0m
[?25h[?25l[6A[0G[+] stop 4/5
 [32m✔[0m Container frappe_docker-queue-long-1  [32mStopped[0m                           [34m 0.2s[0m
 [32m✔[0m Container frappe_docker-frontend-1    [32mStopped[0m                           [34m10.1s[0m
 [32m✔[0m Container frappe_docker-scheduler-1   [32mStopped[0m                           [34m10.1s[0m
 [32m✔[0m Container frappe_docker-queue-short-1 [32mStopped[0m                           [34m 0.3s[0m
 [33m⠏[0m Container frappe_docker-websocket-1   Stopping                          [34m 2.9s[0m
[?25h[?25l[6A[0G[+] stop 4/5
 [32m✔[0m Container frappe_docker-queue-long-1  [32mStopped[0m                           [34m 0.2s[0m
 [32m✔[0m Container frappe_docker-frontend-1    [32mStopped[0m                           [34m10.1s[0m
 [32m✔[0m Container frappe_docker-scheduler-1   [32mStopped[0m                           [34m10.1s[0m
 [32m✔[0m Container frappe_docker-queue-short-1 [32mStopped[0m                           [34m 0.3s[0m
 [33m⠋[0m Container frappe_docker-websocket-1   Stopping                          [34m 3.0s[0m
[?25h[?25l[6A[0G[+] stop 4/5
 [32m✔[0m Container frappe_docker-queue-long-1  [32mStopped[0m                           [34m 0.2s[0m
 [32m✔[0m Container frappe_docker-frontend-1    [32mStopped[0m                           [34m10.1s[0m
 [32m✔[0m Container frappe_docker-scheduler-1   [32mStopped[0m                           [34m10.1s[0m
 [32m✔[0m Container frappe_docker-queue-short-1 [32mStopped[0m                           [34m 0.3s[0m
 [33m⠙[0m Container frappe_docker-websocket-1   Stopping                          [34m 3.1s[0m
[?25h[?25l[6A[0G[+] stop 4/5
 [32m✔[0m Container frappe_docker-queue-long-1  [32mStopped[0m                           [34m 0.2s[0m
 [32m✔[0m Container frappe_docker-frontend-1    [32mStopped[0m                           [34m10.1s[0m
 [32m✔[0m Container frappe_docker-scheduler-1   [32mStopped[0m                           [34m10.1s[0m
 [32m✔[0m Container frappe_docker-queue-short-1 [32mStopped[0m                           [34m 0.3s[0m
 [33m⠹[0m Container frappe_docker-websocket-1   Stopping                          [34m 3.3s[0m
[?25h[?25l[6A[0G[+] stop 4/5
 [32m✔[0m Container frappe_docker-queue-long-1  [32mStopped[0m                           [34m 0.2s[0m
 [32m✔[0m Container frappe_docker-frontend-1    [32mStopped[0m                           [34m10.1s[0m
 [32m✔[0m Container frappe_docker-scheduler-1   [32mStopped[0m                           [34m10.1s[0m
 [32m✔[0m Container frappe_docker-queue-short-1 [32mStopped[0m                           [34m 0.3s[0m
 [33m⠸[0m Container frappe_docker-websocket-1   Stopping                          [34m 3.3s[0m
[?25h[?25l[6A[0G[+] stop 4/5
 [32m✔[0m Container frappe_docker-queue-long-1  [32mStopped[0m                           [34m 0.2s[0m
 [32m✔[0m Container frappe_docker-frontend-1    [32mStopped[0m                           [34m10.1s[0m
 [32m✔[0m Container frappe_docker-scheduler-1   [32mStopped[0m                           [34m10.1s[0m
 [32m✔[0m Container frappe_docker-queue-short-1 [32mStopped[0m                           [34m 0.3s[0m
 [33m⠼[0m Container frappe_docker-websocket-1   Stopping                          [34m 3.5s[0m
[?25h[?25l[6A[0G[+] stop 4/5
 [32m✔[0m Container frappe_docker-queue-long-1  [32mStopped[0m                           [34m 0.2s[0m
 [32m✔[0m Container frappe_docker-frontend-1    [32mStopped[0m                           [34m10.1s[0m
 [32m✔[0m Container frappe_docker-scheduler-1   [32mStopped[0m                           [34m10.1s[0m
 [32m✔[0m Container frappe_docker-queue-short-1 [32mStopped[0m                           [34m 0.3s[0m
 [33m⠴[0m Container frappe_docker-websocket-1   Stopping                          [34m 3.5s[0m
[?25h[?25l[6A[0G[+] stop 4/5
 [32m✔[0m Container frappe_docker-queue-long-1  [32mStopped[0m                           [34m 0.2s[0m
 [32m✔[0m Container frappe_docker-frontend-1    [32mStopped[0m                           [34m10.1s[0m
 [32m✔[0m Container frappe_docker-scheduler-1   [32mStopped[0m                           [34m10.1s[0m
 [32m✔[0m Container frappe_docker-queue-short-1 [32mStopped[0m                           [34m 0.3s[0m
 [33m⠦[0m Container frappe_docker-websocket-1   Stopping                          [34m 3.6s[0m
[?25h[?25l[6A[0G[+] stop 4/5
 [32m✔[0m Container frappe_docker-queue-long-1  [32mStopped[0m                           [34m 0.2s[0m
 [32m✔[0m Container frappe_docker-frontend-1    [32mStopped[0m                           [34m10.1s[0m
 [32m✔[0m Container frappe_docker-scheduler-1   [32mStopped[0m                           [34m10.1s[0m
 [32m✔[0m Container frappe_docker-queue-short-1 [32mStopped[0m                           [34m 0.3s[0m
 [33m⠧[0m Container frappe_docker-websocket-1   Stopping                          [34m 3.8s[0m
[?25h[?25l[6A[0G[+] stop 4/5
 [32m✔[0m Container frappe_docker-queue-long-1  [32mStopped[0m                           [34m 0.2s[0m
 [32m✔[0m Container frappe_docker-frontend-1    [32mStopped[0m                           [34m10.1s[0m
 [32m✔[0m Container frappe_docker-scheduler-1   [32mStopped[0m                           [34m10.1s[0m
 [32m✔[0m Container frappe_docker-queue-short-1 [32mStopped[0m                           [34m 0.3s[0m
 [33m⠇[0m Container frappe_docker-websocket-1   Stopping                          [34m 3.8s[0m
[?25h[?25l[6A[0G[+] stop 4/5
 [32m✔[0m Container frappe_docker-queue-long-1  [32mStopped[0m                           [34m 0.2s[0m
 [32m✔[0m Container frappe_docker-frontend-1    [32mStopped[0m                           [34m10.1s[0m
 [32m✔[0m Container frappe_docker-scheduler-1   [32mStopped[0m                           [34m10.1s[0m
 [32m✔[0m Container frappe_docker-queue-short-1 [32mStopped[0m                           [34m 0.3s[0m
 [33m⠏[0m Container frappe_docker-websocket-1   Stopping                          [34m 3.9s[0m
[?25h[?25l[6A[0G[+] stop 4/5
 [32m✔[0m Container frappe_docker-queue-long-1  [32mStopped[0m                           [34m 0.2s[0m
 [32m✔[0m Container frappe_docker-frontend-1    [32mStopped[0m                           [34m10.1s[0m
 [32m✔[0m Container frappe_docker-scheduler-1   [32mStopped[0m                           [34m10.1s[0m
 [32m✔[0m Container frappe_docker-queue-short-1 [32mStopped[0m                           [34m 0.3s[0m
 [33m⠋[0m Container frappe_docker-websocket-1   Stopping                          [34m 4.1s[0m
[?25h[?25l[6A[0G[+] stop 4/5
 [32m✔[0m Container frappe_docker-queue-long-1  [32mStopped[0m                           [34m 0.2s[0m
 [32m✔[0m Container frappe_docker-frontend-1    [32mStopped[0m                           [34m10.1s[0m
 [32m✔[0m Container frappe_docker-scheduler-1   [32mStopped[0m                           [34m10.1s[0m
 [32m✔[0m Container frappe_docker-queue-short-1 [32mStopped[0m                           [34m 0.3s[0m
 [33m⠙[0m Container frappe_docker-websocket-1   Stopping                          [34m 4.1s[0m
[?25h[?25l[6A[0G[+] stop 4/5
 [32m✔[0m Container frappe_docker-queue-long-1  [32mStopped[0m                           [34m 0.2s[0m
 [32m✔[0m Container frappe_docker-frontend-1    [32mStopped[0m                           [34m10.1s[0m
 [32m✔[0m Container frappe_docker-scheduler-1   [32mStopped[0m                           [34m10.1s[0m
 [32m✔[0m Container frappe_docker-queue-short-1 [32mStopped[0m                           [34m 0.3s[0m
 [33m⠹[0m Container frappe_docker-websocket-1   Stopping                          [34m 4.2s[0m
[?25h[?25l[6A[0G[+] stop 4/5
 [32m✔[0m Container frappe_docker-queue-long-1  [32mStopped[0m                           [34m 0.2s[0m
 [32m✔[0m Container frappe_docker-frontend-1    [32mStopped[0m                           [34m10.1s[0m
 [32m✔[0m Container frappe_docker-scheduler-1   [32mStopped[0m                           [34m10.1s[0m
 [32m✔[0m Container frappe_docker-queue-short-1 [32mStopped[0m                           [34m 0.3s[0m
 [33m⠸[0m Container frappe_docker-websocket-1   Stopping                          [34m 4.4s[0m
[?25h[?25l[6A[0G[+] stop 4/5
 [32m✔[0m Container frappe_docker-queue-long-1  [32mStopped[0m                           [34m 0.2s[0m
 [32m✔[0m Container frappe_docker-frontend-1    [32mStopped[0m                           [34m10.1s[0m
 [32m✔[0m Container frappe_docker-scheduler-1   [32mStopped[0m                           [34m10.1s[0m
 [32m✔[0m Container frappe_docker-queue-short-1 [32mStopped[0m                           [34m 0.3s[0m
 [33m⠼[0m Container frappe_docker-websocket-1   Stopping                          [34m 4.4s[0m
[?25h[?25l[6A[0G[+] stop 4/5
 [32m✔[0m Container frappe_docker-queue-long-1  [32mStopped[0m                           [34m 0.2s[0m
 [32m✔[0m Container frappe_docker-frontend-1    [32mStopped[0m                           [34m10.1s[0m
 [32m✔[0m Container frappe_docker-scheduler-1   [32mStopped[0m                           [34m10.1s[0m
 [32m✔[0m Container frappe_docker-queue-short-1 [32mStopped[0m                           [34m 0.3s[0m
 [33m⠴[0m Container frappe_docker-websocket-1   Stopping                          [34m 4.6s[0m
[?25h[?25l[6A[0G[+] stop 4/5
 [32m✔[0m Container frappe_docker-queue-long-1  [32mStopped[0m                           [34m 0.2s[0m
 [32m✔[0m Container frappe_docker-frontend-1    [32mStopped[0m                           [34m10.1s[0m
 [32m✔[0m Container frappe_docker-scheduler-1   [32mStopped[0m                           [34m10.1s[0m
 [32m✔[0m Container frappe_docker-queue-short-1 [32mStopped[0m                           [34m 0.3s[0m
 [33m⠦[0m Container frappe_docker-websocket-1   Stopping                          [34m 4.7s[0m
[?25h[?25l[6A[0G[+] stop 4/5
 [32m✔[0m Container frappe_docker-queue-long-1  [32mStopped[0m                           [34m 0.2s[0m
 [32m✔[0m Container frappe_docker-frontend-1    [32mStopped[0m                           [34m10.1s[0m
 [32m✔[0m Container frappe_docker-scheduler-1   [32mStopped[0m                           [34m10.1s[0m
 [32m✔[0m Container frappe_docker-queue-short-1 [32mStopped[0m                           [34m 0.3s[0m
 [33m⠧[0m Container frappe_docker-websocket-1   Stopping                          [34m 4.7s[0m
[?25h[?25l[6A[0G[+] stop 4/5
 [32m✔[0m Container frappe_docker-queue-long-1  [32mStopped[0m                           [34m 0.2s[0m
 [32m✔[0m Container frappe_docker-frontend-1    [32mStopped[0m                           [34m10.1s[0m
 [32m✔[0m Container frappe_docker-scheduler-1   [32mStopped[0m                           [34m10.1s[0m
 [32m✔[0m Container frappe_docker-queue-short-1 [32mStopped[0m                           [34m 0.3s[0m
 [33m⠇[0m Container frappe_docker-websocket-1   Stopping                          [34m 4.9s[0m
[?25h[?25l[6A[0G[+] stop 4/5
 [32m✔[0m Container frappe_docker-queue-long-1  [32mStopped[0m                           [34m 0.2s[0m
 [32m✔[0m Container frappe_docker-frontend-1    [32mStopped[0m                           [34m10.1s[0m
 [32m✔[0m Container frappe_docker-scheduler-1   [32mStopped[0m                           [34m10.1s[0m
 [32m✔[0m Container frappe_docker-queue-short-1 [32mStopped[0m                           [34m 0.3s[0m
 [33m⠏[0m Container frappe_docker-websocket-1   Stopping                          [34m 4.9s[0m
[?25h[?25l[6A[0G[+] stop 4/5
 [32m✔[0m Container frappe_docker-queue-long-1  [32mStopped[0m                           [34m 0.2s[0m
 [32m✔[0m Container frappe_docker-frontend-1    [32mStopped[0m                           [34m10.1s[0m
 [32m✔[0m Container frappe_docker-scheduler-1   [32mStopped[0m                           [34m10.1s[0m
 [32m✔[0m Container frappe_docker-queue-short-1 [32mStopped[0m                           [34m 0.3s[0m
 [33m⠋[0m Container frappe_docker-websocket-1   Stopping                          [34m 5.0s[0m
[?25h[?25l[6A[0G[+] stop 4/5
 [32m✔[0m Container frappe_docker-queue-long-1  [32mStopped[0m                           [34m 0.2s[0m
 [32m✔[0m Container frappe_docker-frontend-1    [32mStopped[0m                           [34m10.1s[0m
 [32m✔[0m Container frappe_docker-scheduler-1   [32mStopped[0m                           [34m10.1s[0m
 [32m✔[0m Container frappe_docker-queue-short-1 [32mStopped[0m                           [34m 0.3s[0m
 [33m⠙[0m Container frappe_docker-websocket-1   Stopping                          [34m 5.2s[0m
[?25h[?25l[6A[0G[+] stop 4/5
 [32m✔[0m Container frappe_docker-queue-long-1  [32mStopped[0m                           [34m 0.2s[0m
 [32m✔[0m Container frappe_docker-frontend-1    [32mStopped[0m                           [34m10.1s[0m
 [32m✔[0m Container frappe_docker-scheduler-1   [32mStopped[0m                           [34m10.1s[0m
 [32m✔[0m Container frappe_docker-queue-short-1 [32mStopped[0m                           [34m 0.3s[0m
 [33m⠹[0m Container frappe_docker-websocket-1   Stopping                          [34m 5.2s[0m
[?25h[?25l[6A[0G[+] stop 4/5
 [32m✔[0m Container frappe_docker-queue-long-1  [32mStopped[0m                           [34m 0.2s[0m
 [32m✔[0m Container frappe_docker-frontend-1    [32mStopped[0m                           [34m10.1s[0m
 [32m✔[0m Container frappe_docker-scheduler-1   [32mStopped[0m                           [34m10.1s[0m
 [32m✔[0m Container frappe_docker-queue-short-1 [32mStopped[0m                           [34m 0.3s[0m
 [33m⠸[0m Container frappe_docker-websocket-1   Stopping                          [34m 5.4s[0m
[?25h[?25l[6A[0G[+] stop 4/5
 [32m✔[0m Container frappe_docker-queue-long-1  [32mStopped[0m                           [34m 0.2s[0m
 [32m✔[0m Container frappe_docker-frontend-1    [32mStopped[0m                           [34m10.1s[0m
 [32m✔[0m Container frappe_docker-scheduler-1   [32mStopped[0m                           [34m10.1s[0m
 [32m✔[0m Container frappe_docker-queue-short-1 [32mStopped[0m                           [34m 0.3s[0m
 [33m⠼[0m Container frappe_docker-websocket-1   Stopping                          [34m 5.4s[0m
[?25h[?25l[6A[0G[+] stop 4/5
 [32m✔[0m Container frappe_docker-queue-long-1  [32mStopped[0m                           [34m 0.2s[0m
 [32m✔[0m Container frappe_docker-frontend-1    [32mStopped[0m                           [34m10.1s[0m
 [32m✔[0m Container frappe_docker-scheduler-1   [32mStopped[0m                           [34m10.1s[0m
 [32m✔[0m Container frappe_docker-queue-short-1 [32mStopped[0m                           [34m 0.3s[0m
 [33m⠴[0m Container frappe_docker-websocket-1   Stopping                          [34m 5.6s[0m
[?25h[?25l[6A[0G[+] stop 4/5
 [32m✔[0m Container frappe_docker-queue-long-1  [32mStopped[0m                           [34m 0.2s[0m
 [32m✔[0m Container frappe_docker-frontend-1    [32mStopped[0m                           [34m10.1s[0m
 [32m✔[0m Container frappe_docker-scheduler-1   [32mStopped[0m                           [34m10.1s[0m
 [32m✔[0m Container frappe_docker-queue-short-1 [32mStopped[0m                           [34m 0.3s[0m
 [33m⠦[0m Container frappe_docker-websocket-1   Stopping                          [34m 5.6s[0m
[?25h[?25l[6A[0G[+] stop 4/5
 [32m✔[0m Container frappe_docker-queue-long-1  [32mStopped[0m                           [34m 0.2s[0m
 [32m✔[0m Container frappe_docker-frontend-1    [32mStopped[0m                           [34m10.1s[0m
 [32m✔[0m Container frappe_docker-scheduler-1   [32mStopped[0m                           [34m10.1s[0m
 [32m✔[0m Container frappe_docker-queue-short-1 [32mStopped[0m                           [34m 0.3s[0m
 [33m⠧[0m Container frappe_docker-websocket-1   Stopping                          [34m 5.7s[0m
[?25h[?25l[6A[0G[+] stop 4/5
 [32m✔[0m Container frappe_docker-queue-long-1  [32mStopped[0m                           [34m 0.2s[0m
 [32m✔[0m Container frappe_docker-frontend-1    [32mStopped[0m                           [34m10.1s[0m
 [32m✔[0m Container frappe_docker-scheduler-1   [32mStopped[0m                           [34m10.1s[0m
 [32m✔[0m Container frappe_docker-queue-short-1 [32mStopped[0m                           [34m 0.3s[0m
 [33m⠇[0m Container frappe_docker-websocket-1   Stopping                          [34m 5.9s[0m
[?25h[?25l[6A[0G[+] stop 4/5
 [32m✔[0m Container frappe_docker-queue-long-1  [32mStopped[0m                           [34m 0.2s[0m
 [32m✔[0m Container frappe_docker-frontend-1    [32mStopped[0m                           [34m10.1s[0m
 [32m✔[0m Container frappe_docker-scheduler-1   [32mStopped[0m                           [34m10.1s[0m
 [32m✔[0m Container frappe_docker-queue-short-1 [32mStopped[0m                           [34m 0.3s[0m
 [33m⠏[0m Container frappe_docker-websocket-1   Stopping                          [34m 6.0s[0m
[?25h[?25l[6A[0G[+] stop 4/5
 [32m✔[0m Container frappe_docker-queue-long-1  [32mStopped[0m                           [34m 0.2s[0m
 [32m✔[0m Container frappe_docker-frontend-1    [32mStopped[0m                           [34m10.1s[0m
 [32m✔[0m Container frappe_docker-scheduler-1   [32mStopped[0m                           [34m10.1s[0m
 [32m✔[0m Container frappe_docker-queue-short-1 [32mStopped[0m                           [34m 0.3s[0m
 [33m⠋[0m Container frappe_docker-websocket-1   Stopping                          [34m 6.0s[0m
[?25h[?25l[6A[0G[+] stop 4/5
 [32m✔[0m Container frappe_docker-queue-long-1  [32mStopped[0m                           [34m 0.2s[0m
 [32m✔[0m Container frappe_docker-frontend-1    [32mStopped[0m                           [34m10.1s[0m
 [32m✔[0m Container frappe_docker-scheduler-1   [32mStopped[0m                           [34m10.1s[0m
 [32m✔[0m Container frappe_docker-queue-short-1 [32mStopped[0m                           [34m 0.3s[0m
 [33m⠙[0m Container frappe_docker-websocket-1   Stopping                          [34m 6.2s[0m
[?25h[?25l[6A[0G[+] stop 4/5
 [32m✔[0m Container frappe_docker-queue-long-1  [32mStopped[0m                           [34m 0.2s[0m
 [32m✔[0m Container frappe_docker-frontend-1    [32mStopped[0m                           [34m10.1s[0m
 [32m✔[0m Container frappe_docker-scheduler-1   [32mStopped[0m                           [34m10.1s[0m
 [32m✔[0m Container frappe_docker-queue-short-1 [32mStopped[0m                           [34m 0.3s[0m
 [33m⠹[0m Container frappe_docker-websocket-1   Stopping                          [34m 6.2s[0m
[?25h[?25l[6A[0G[+] stop 4/5
 [32m✔[0m Container frappe_docker-queue-long-1  [32mStopped[0m                           [34m 0.2s[0m
 [32m✔[0m Container frappe_docker-frontend-1    [32mStopped[0m                           [34m10.1s[0m
 [32m✔[0m Container frappe_docker-scheduler-1   [32mStopped[0m                           [34m10.1s[0m
 [32m✔[0m Container frappe_docker-queue-short-1 [32mStopped[0m                           [34m 0.3s[0m
 [33m⠸[0m Container frappe_docker-websocket-1   Stopping                          [34m 6.3s[0m
[?25h[?25l[6A[0G[+] stop 4/5
 [32m✔[0m Container frappe_docker-queue-long-1  [32mStopped[0m                           [34m 0.2s[0m
 [32m✔[0m Container frappe_docker-frontend-1    [32mStopped[0m                           [34m10.1s[0m
 [32m✔[0m Container frappe_docker-scheduler-1   [32mStopped[0m                           [34m10.1s[0m
 [32m✔[0m Container frappe_docker-queue-short-1 [32mStopped[0m                           [34m 0.3s[0m
 [33m⠼[0m Container frappe_docker-websocket-1   Stopping                          [34m 6.4s[0m
[?25h[?25l[6A[0G[+] stop 4/5
 [32m✔[0m Container frappe_docker-queue-long-1  [32mStopped[0m                           [34m 0.2s[0m
 [32m✔[0m Container frappe_docker-frontend-1    [32mStopped[0m                           [34m10.1s[0m
 [32m✔[0m Container frappe_docker-scheduler-1   [32mStopped[0m                           [34m10.1s[0m
 [32m✔[0m Container frappe_docker-queue-short-1 [32mStopped[0m                           [34m 0.3s[0m
 [33m⠴[0m Container frappe_docker-websocket-1   Stopping                          [34m 6.6s[0m
[?25h[?25l[6A[0G[+] stop 4/5
 [32m✔[0m Container frappe_docker-queue-long-1  [32mStopped[0m                           [34m 0.2s[0m
 [32m✔[0m Container frappe_docker-frontend-1    [32mStopped[0m                           [34m10.1s[0m
 [32m✔[0m Container frappe_docker-scheduler-1   [32mStopped[0m                           [34m10.1s[0m
 [32m✔[0m Container frappe_docker-queue-short-1 [32mStopped[0m                           [34m 0.3s[0m
 [33m⠦[0m Container frappe_docker-websocket-1   Stopping                          [34m 6.6s[0m
[?25h[?25l[6A[0G[+] stop 4/5
 [32m✔[0m Container frappe_docker-queue-long-1  [32mStopped[0m                           [34m 0.2s[0m
 [32m✔[0m Container frappe_docker-frontend-1    [32mStopped[0m                           [34m10.1s[0m
 [32m✔[0m Container frappe_docker-scheduler-1   [32mStopped[0m                           [34m10.1s[0m
 [32m✔[0m Container frappe_docker-queue-short-1 [32mStopped[0m                           [34m 0.3s[0m
 [33m⠧[0m Container frappe_docker-websocket-1   Stopping                          [34m 6.7s[0m
[?25h[?25l[6A[0G[+] stop 4/5
 [32m✔[0m Container frappe_docker-queue-long-1  [32mStopped[0m                           [34m 0.2s[0m
 [32m✔[0m Container frappe_docker-frontend-1    [32mStopped[0m                           [34m10.1s[0m
 [32m✔[0m Container frappe_docker-scheduler-1   [32mStopped[0m                           [34m10.1s[0m
 [32m✔[0m Container frappe_docker-queue-short-1 [32mStopped[0m                           [34m 0.3s[0m
 [33m⠇[0m Container frappe_docker-websocket-1   Stopping                          [34m 6.8s[0m
[?25h[?25l[6A[0G[+] stop 4/5
 [32m✔[0m Container frappe_docker-queue-long-1  [32mStopped[0m                           [34m 0.2s[0m
 [32m✔[0m Container frappe_docker-frontend-1    [32mStopped[0m                           [34m10.1s[0m
 [32m✔[0m Container frappe_docker-scheduler-1   [32mStopped[0m                           [34m10.1s[0m
 [32m✔[0m Container frappe_docker-queue-short-1 [32mStopped[0m                           [34m 0.3s[0m
 [33m⠏[0m Container frappe_docker-websocket-1   Stopping                          [34m 6.9s[0m
[?25h[?25l[6A[0G[+] stop 4/5
 [32m✔[0m Container frappe_docker-queue-long-1  [32mStopped[0m                           [34m 0.2s[0m
 [32m✔[0m Container frappe_docker-frontend-1    [32mStopped[0m                           [34m10.1s[0m
 [32m✔[0m Container frappe_docker-scheduler-1   [32mStopped[0m                           [34m10.1s[0m
 [32m✔[0m Container frappe_docker-queue-short-1 [32mStopped[0m                           [34m 0.3s[0m
 [33m⠋[0m Container frappe_docker-websocket-1   Stopping                          [34m 7.0s[0m
[?25h[?25l[6A[0G[+] stop 4/5
 [32m✔[0m Container frappe_docker-queue-long-1  [32mStopped[0m                           [34m 0.2s[0m
 [32m✔[0m Container frappe_docker-frontend-1    [32mStopped[0m                           [34m10.1s[0m
 [32m✔[0m Container frappe_docker-scheduler-1   [32mStopped[0m                           [34m10.1s[0m
 [32m✔[0m Container frappe_docker-queue-short-1 [32mStopped[0m                           [34m 0.3s[0m
 [33m⠙[0m Container frappe_docker-websocket-1   Stopping                          [34m 7.2s[0m
[?25h[?25l[6A[0G[+] stop 4/5
 [32m✔[0m Container frappe_docker-queue-long-1  [32mStopped[0m                           [34m 0.2s[0m
 [32m✔[0m Container frappe_docker-frontend-1    [32mStopped[0m                           [34m10.1s[0m
 [32m✔[0m Container frappe_docker-scheduler-1   [32mStopped[0m                           [34m10.1s[0m
 [32m✔[0m Container frappe_docker-queue-short-1 [32mStopped[0m                           [34m 0.3s[0m
 [33m⠹[0m Container frappe_docker-websocket-1   Stopping                          [34m 7.2s[0m
[?25h[?25l[6A[0G[+] stop 4/5
 [32m✔[0m Container frappe_docker-queue-long-1  [32mStopped[0m                           [34m 0.2s[0m
 [32m✔[0m Container frappe_docker-frontend-1    [32mStopped[0m                           [34m10.1s[0m
 [32m✔[0m Container frappe_docker-scheduler-1   [32mStopped[0m                           [34m10.1s[0m
 [32m✔[0m Container frappe_docker-queue-short-1 [32mStopped[0m                           [34m 0.3s[0m
 [33m⠸[0m Container frappe_docker-websocket-1   Stopping                          [34m 7.3s[0m
[?25h[?25l[6A[0G[+] stop 4/5
 [32m✔[0m Container frappe_docker-queue-long-1  [32mStopped[0m                           [34m 0.2s[0m
 [32m✔[0m Container frappe_docker-frontend-1    [32mStopped[0m                           [34m10.1s[0m
 [32m✔[0m Container frappe_docker-scheduler-1   [32mStopped[0m                           [34m10.1s[0m
 [32m✔[0m Container frappe_docker-queue-short-1 [32mStopped[0m                           [34m 0.3s[0m
 [33m⠼[0m Container frappe_docker-websocket-1   Stopping                          [34m 7.4s[0m
[?25h[?25l[6A[0G[+] stop 4/5
 [32m✔[0m Container frappe_docker-queue-long-1  [32mStopped[0m                           [34m 0.2s[0m
 [32m✔[0m Container frappe_docker-frontend-1    [32mStopped[0m                           [34m10.1s[0m
 [32m✔[0m Container frappe_docker-scheduler-1   [32mStopped[0m                           [34m10.1s[0m
 [32m✔[0m Container frappe_docker-queue-short-1 [32mStopped[0m                           [34m 0.3s[0m
 [33m⠴[0m Container frappe_docker-websocket-1   Stopping                          [34m 7.6s[0m
[?25h[?25l[6A[0G[+] stop 4/5
 [32m✔[0m Container frappe_docker-queue-long-1  [32mStopped[0m                           [34m 0.2s[0m
 [32m✔[0m Container frappe_docker-frontend-1    [32mStopped[0m                           [34m10.1s[0m
 [32m✔[0m Container frappe_docker-scheduler-1   [32mStopped[0m                           [34m10.1s[0m
 [32m✔[0m Container frappe_docker-queue-short-1 [32mStopped[0m                           [34m 0.3s[0m
 [33m⠦[0m Container frappe_docker-websocket-1   Stopping                          [34m 7.6s[0m
[?25h[?25l[6A[0G[+] stop 4/5
 [32m✔[0m Container frappe_docker-queue-long-1  [32mStopped[0m                           [34m 0.2s[0m
 [32m✔[0m Container frappe_docker-frontend-1    [32mStopped[0m                           [34m10.1s[0m
 [32m✔[0m Container frappe_docker-scheduler-1   [32mStopped[0m                           [34m10.1s[0m
 [32m✔[0m Container frappe_docker-queue-short-1 [32mStopped[0m                           [34m 0.3s[0m
 [33m⠧[0m Container frappe_docker-websocket-1   Stopping                          [34m 7.8s[0m
[?25h[?25l[6A[0G[+] stop 4/5
 [32m✔[0m Container frappe_docker-queue-long-1  [32mStopped[0m                           [34m 0.2s[0m
 [32m✔[0m Container frappe_docker-frontend-1    [32mStopped[0m                           [34m10.1s[0m
 [32m✔[0m Container frappe_docker-scheduler-1   [32mStopped[0m                           [34m10.1s[0m
 [32m✔[0m Container frappe_docker-queue-short-1 [32mStopped[0m                           [34m 0.3s[0m
 [33m⠇[0m Container frappe_docker-websocket-1   Stopping                          [34m 7.8s[0m
[?25h[?25l[6A[0G[+] stop 4/5
 [32m✔[0m Container frappe_docker-queue-long-1  [32mStopped[0m                           [34m 0.2s[0m
 [32m✔[0m Container frappe_docker-frontend-1    [32mStopped[0m                           [34m10.1s[0m
 [32m✔[0m Container frappe_docker-scheduler-1   [32mStopped[0m                           [34m10.1s[0m
 [32m✔[0m Container frappe_docker-queue-short-1 [32mStopped[0m                           [34m 0.3s[0m
 [33m⠏[0m Container frappe_docker-websocket-1   Stopping                          [34m 7.9s[0m
[?25h[?25l[6A[0G[+] stop 4/5
 [32m✔[0m Container frappe_docker-queue-long-1  [32mStopped[0m                           [34m 0.2s[0m
 [32m✔[0m Container frappe_docker-frontend-1    [32mStopped[0m                           [34m10.1s[0m
 [32m✔[0m Container frappe_docker-scheduler-1   [32mStopped[0m                           [34m10.1s[0m
 [32m✔[0m Container frappe_docker-queue-short-1 [32mStopped[0m                           [34m 0.3s[0m
 [33m⠋[0m Container frappe_docker-websocket-1   Stopping                          [34m 8.1s[0m
[?25h[?25l[6A[0G[+] stop 4/5
 [32m✔[0m Container frappe_docker-queue-long-1  [32mStopped[0m                           [34m 0.2s[0m
 [32m✔[0m Container frappe_docker-frontend-1    [32mStopped[0m                           [34m10.1s[0m
 [32m✔[0m Container frappe_docker-scheduler-1   [32mStopped[0m                           [34m10.1s[0m
 [32m✔[0m Container frappe_docker-queue-short-1 [32mStopped[0m                           [34m 0.3s[0m
 [33m⠙[0m Container frappe_docker-websocket-1   Stopping                          [34m 8.2s[0m
[?25h[?25l[6A[0G[+] stop 4/5
 [32m✔[0m Container frappe_docker-queue-long-1  [32mStopped[0m                           [34m 0.2s[0m
 [32m✔[0m Container frappe_docker-frontend-1    [32mStopped[0m                           [34m10.1s[0m
 [32m✔[0m Container frappe_docker-scheduler-1   [32mStopped[0m                           [34m10.1s[0m
 [32m✔[0m Container frappe_docker-queue-short-1 [32mStopped[0m                           [34m 0.3s[0m
 [33m⠹[0m Container frappe_docker-websocket-1   Stopping                          [34m 8.2s[0m
[?25h[?25l[6A[0G[+] stop 4/5
 [32m✔[0m Container frappe_docker-queue-long-1  [32mStopped[0m                           [34m 0.2s[0m
 [32m✔[0m Container frappe_docker-frontend-1    [32mStopped[0m                           [34m10.1s[0m
 [32m✔[0m Container frappe_docker-scheduler-1   [32mStopped[0m                           [34m10.1s[0m
 [32m✔[0m Container frappe_docker-queue-short-1 [32mStopped[0m                           [34m 0.3s[0m
 [33m⠸[0m Container frappe_docker-websocket-1   Stopping                          [34m 8.4s[0m
[?25h[?25l[6A[0G[+] stop 4/5
 [32m✔[0m Container frappe_docker-queue-long-1  [32mStopped[0m                           [34m 0.2s[0m
 [32m✔[0m Container frappe_docker-frontend-1    [32mStopped[0m                           [34m10.1s[0m
 [32m✔[0m Container frappe_docker-scheduler-1   [32mStopped[0m                           [34m10.1s[0m
 [32m✔[0m Container frappe_docker-queue-short-1 [32mStopped[0m                           [34m 0.3s[0m
 [33m⠼[0m Container frappe_docker-websocket-1   Stopping                          [34m 8.4s[0m
[?25h[?25l[6A[0G[+] stop 4/5
 [32m✔[0m Container frappe_docker-queue-long-1  [32mStopped[0m                           [34m 0.2s[0m
 [32m✔[0m Container frappe_docker-frontend-1    [32mStopped[0m                           [34m10.1s[0m
 [32m✔[0m Container frappe_docker-scheduler-1   [32mStopped[0m                           [34m10.1s[0m
 [32m✔[0m Container frappe_docker-queue-short-1 [32mStopped[0m                           [34m 0.3s[0m
 [33m⠴[0m Container frappe_docker-websocket-1   Stopping                          [34m 8.6s[0m
[?25h[?25l[6A[0G[+] stop 4/5
 [32m✔[0m Container frappe_docker-queue-long-1  [32mStopped[0m                           [34m 0.2s[0m
 [32m✔[0m Container frappe_docker-frontend-1    [32mStopped[0m                           [34m10.1s[0m
 [32m✔[0m Container frappe_docker-scheduler-1   [32mStopped[0m                           [34m10.1s[0m
 [32m✔[0m Container frappe_docker-queue-short-1 [32mStopped[0m                           [34m 0.3s[0m
 [33m⠦[0m Container frappe_docker-websocket-1   Stopping                          [34m 8.6s[0m
[?25h[?25l[6A[0G[+] stop 4/5
 [32m✔[0m Container frappe_docker-queue-long-1  [32mStopped[0m                           [34m 0.2s[0m
 [32m✔[0m Container frappe_docker-frontend-1    [32mStopped[0m                           [34m10.1s[0m
 [32m✔[0m Container frappe_docker-scheduler-1   [32mStopped[0m                           [34m10.1s[0m
 [32m✔[0m Container frappe_docker-queue-short-1 [32mStopped[0m                           [34m 0.3s[0m
 [33m⠧[0m Container frappe_docker-websocket-1   Stopping                          [34m 8.8s[0m
[?25h[?25l[6A[0G[+] stop 4/5
 [32m✔[0m Container frappe_docker-queue-long-1  [32mStopped[0m                           [34m 0.2s[0m
 [32m✔[0m Container frappe_docker-frontend-1    [32mStopped[0m                           [34m10.1s[0m
 [32m✔[0m Container frappe_docker-scheduler-1   [32mStopped[0m                           [34m10.1s[0m
 [32m✔[0m Container frappe_docker-queue-short-1 [32mStopped[0m                           [34m 0.3s[0m
 [33m⠇[0m Container frappe_docker-websocket-1   Stopping                          [34m 8.8s[0m
[?25h[?25l[6A[0G[+] stop 4/5
 [32m✔[0m Container frappe_docker-queue-long-1  [32mStopped[0m                           [34m 0.2s[0m
 [32m✔[0m Container frappe_docker-frontend-1    [32mStopped[0m                           [34m10.1s[0m
 [32m✔[0m Container frappe_docker-scheduler-1   [32mStopped[0m                           [34m10.1s[0m
 [32m✔[0m Container frappe_docker-queue-short-1 [32mStopped[0m                           [34m 0.3s[0m
 [33m⠏[0m Container frappe_docker-websocket-1   Stopping                          [34m 9.0s[0m
[?25h[?25l[6A[0G[+] stop 4/5
 [32m✔[0m Container frappe_docker-queue-long-1  [32mStopped[0m                           [34m 0.2s[0m
 [32m✔[0m Container frappe_docker-frontend-1    [32mStopped[0m                           [34m10.1s[0m
 [32m✔[0m Container frappe_docker-scheduler-1   [32mStopped[0m                           [34m10.1s[0m
 [32m✔[0m Container frappe_docker-queue-short-1 [32mStopped[0m                           [34m 0.3s[0m
 [33m⠋[0m Container frappe_docker-websocket-1   Stopping                          [34m 9.0s[0m
[?25h[?25l[6A[0G[+] stop 4/5
 [32m✔[0m Container frappe_docker-queue-long-1  [32mStopped[0m                           [34m 0.2s[0m
 [32m✔[0m Container frappe_docker-frontend-1    [32mStopped[0m                           [34m10.1s[0m
 [32m✔[0m Container frappe_docker-scheduler-1   [32mStopped[0m                           [34m10.1s[0m
 [32m✔[0m Container frappe_docker-queue-short-1 [32mStopped[0m                           [34m 0.3s[0m
 [33m⠙[0m Container frappe_docker-websocket-1   Stopping                          [34m 9.2s[0m
[?25h[?25l[6A[0G[+] stop 4/5
 [32m✔[0m Container frappe_docker-queue-long-1  [32mStopped[0m                           [34m 0.2s[0m
 [32m✔[0m Container frappe_docker-frontend-1    [32mStopped[0m                           [34m10.1s[0m
 [32m✔[0m Container frappe_docker-scheduler-1   [32mStopped[0m                           [34m10.1s[0m
 [32m✔[0m Container frappe_docker-queue-short-1 [32mStopped[0m                           [34m 0.3s[0m
 [33m⠹[0m Container frappe_docker-websocket-1   Stopping                          [34m 9.2s[0m
[?25h[?25l[6A[0G[+] stop 4/5
 [32m✔[0m Container frappe_docker-queue-long-1  [32mStopped[0m                           [34m 0.2s[0m
 [32m✔[0m Container frappe_docker-frontend-1    [32mStopped[0m                           [34m10.1s[0m
 [32m✔[0m Container frappe_docker-scheduler-1   [32mStopped[0m                           [34m10.1s[0m
 [32m✔[0m Container frappe_docker-queue-short-1 [32mStopped[0m                           [34m 0.3s[0m
 [33m⠸[0m Container frappe_docker-websocket-1   Stopping                          [34m 9.4s[0m
[?25h[?25l[6A[0G[+] stop 4/5
 [32m✔[0m Container frappe_docker-queue-long-1  [32mStopped[0m                           [34m 0.2s[0m
 [32m✔[0m Container frappe_docker-frontend-1    [32mStopped[0m                           [34m10.1s[0m
 [32m✔[0m Container frappe_docker-scheduler-1   [32mStopped[0m                           [34m10.1s[0m
 [32m✔[0m Container frappe_docker-queue-short-1 [32mStopped[0m                           [34m 0.3s[0m
 [33m⠼[0m Container frappe_docker-websocket-1   Stopping                          [34m 9.4s[0m
[?25h[?25l[6A[0G[+] stop 4/5
 [32m✔[0m Container frappe_docker-queue-long-1  [32mStopped[0m                           [34m 0.2s[0m
 [32m✔[0m Container frappe_docker-frontend-1    [32mStopped[0m                           [34m10.1s[0m
 [32m✔[0m Container frappe_docker-scheduler-1   [32mStopped[0m                           [34m10.1s[0m
 [32m✔[0m Container frappe_docker-queue-short-1 [32mStopped[0m                           [34m 0.3s[0m
 [33m⠴[0m Container frappe_docker-websocket-1   Stopping                          [34m 9.6s[0m
[?25h[?25l[6A[0G[+] stop 4/5
 [32m✔[0m Container frappe_docker-queue-long-1  [32mStopped[0m                           [34m 0.2s[0m
 [32m✔[0m Container frappe_docker-frontend-1    [32mStopped[0m                           [34m10.1s[0m
 [32m✔[0m Container frappe_docker-scheduler-1   [32mStopped[0m                           [34m10.1s[0m
 [32m✔[0m Container frappe_docker-queue-short-1 [32mStopped[0m                           [34m 0.3s[0m
 [33m⠦[0m Container frappe_docker-websocket-1   Stopping                          [34m 9.6s[0m
[?25h[?25l[6A[0G[+] stop 4/5
 [32m✔[0m Container frappe_docker-queue-long-1  [32mStopped[0m                           [34m 0.2s[0m
 [32m✔[0m Container frappe_docker-frontend-1    [32mStopped[0m                           [34m10.1s[0m
 [32m✔[0m Container frappe_docker-scheduler-1   [32mStopped[0m                           [34m10.1s[0m
 [32m✔[0m Container frappe_docker-queue-short-1 [32mStopped[0m                           [34m 0.3s[0m
 [33m⠧[0m Container frappe_docker-websocket-1   Stopping                          [34m 9.7s[0m
[?25h[?25l[6A[0G[+] stop 4/5
 [32m✔[0m Container frappe_docker-queue-long-1  [32mStopped[0m                           [34m 0.2s[0m
 [32m✔[0m Container frappe_docker-frontend-1    [32mStopped[0m                           [34m10.1s[0m
 [32m✔[0m Container frappe_docker-scheduler-1   [32mStopped[0m                           [34m10.1s[0m
 [32m✔[0m Container frappe_docker-queue-short-1 [32mStopped[0m                           [34m 0.3s[0m
 [33m⠇[0m Container frappe_docker-websocket-1   Stopping                          [34m 9.9s[0m
[?25h[?25l[6A[0G[+] stop 4/5
 [32m✔[0m Container frappe_docker-queue-long-1  [32mStopped[0m                           [34m 0.2s[0m
 [32m✔[0m Container frappe_docker-frontend-1    [32mStopped[0m                           [34m10.1s[0m
 [32m✔[0m Container frappe_docker-scheduler-1   [32mStopped[0m                           [34m10.1s[0m
 [32m✔[0m Container frappe_docker-queue-short-1 [32mStopped[0m                           [34m 0.3s[0m
 [33m⠏[0m Container frappe_docker-websocket-1   Stopping                          [34m 9.9s[0m
[?25h[?25l[6A[0G[+] stop 4/5
 [32m✔[0m Container frappe_docker-queue-long-1  [32mStopped[0m                           [34m 0.2s[0m
 [32m✔[0m Container frappe_docker-frontend-1    [32mStopped[0m                           [34m10.1s[0m
 [32m✔[0m Container frappe_docker-scheduler-1   [32mStopped[0m                           [34m10.1s[0m
 [32m✔[0m Container frappe_docker-queue-short-1 [32mStopped[0m                           [34m 0.3s[0m
 [33m⠋[0m Container frappe_docker-websocket-1   Stopping                          [34m10.0s[0m
[?25h[?25l[6A[0G[+] stop 5/5
 [32m✔[0m Container frappe_docker-queue-long-1  [32mStopped[0m                           [34m 0.2s[0m
 [32m✔[0m Container frappe_docker-frontend-1    [32mStopped[0m                           [34m10.1s[0m
 [32m✔[0m Container frappe_docker-scheduler-1   [32mStopped[0m                           [34m10.1s[0m
 [32m✔[0m Container frappe_docker-queue-short-1 [32mStopped[0m                           [34m 0.3s[0m
 [32m✔[0m Container frappe_docker-websocket-1   [32mStopped[0m                           [34m10.1s[0m
[?25hFound database backup:      20260815_073002-192_168_225_78-database.sql.gz
Found public files backup:  20260815_073002-192_168_225_78-files.tgz
Found private files backup: 20260815_073002-192_168_225_78-private-files.tgz
Copying backups to container...
[?25l[0G[+] copy 1/1
 [32m✔[0m frappe_docker-backend-1 [32mCopied[0m /opt/backups/frappe/uploads/latestfold... [34m0.0s[0m
[?25h[?25l[0G[+] copy 1/1
 [32m✔[0m frappe_docker-backend-1 [32mCopied[0m /opt/backups/frappe/uploads/latestfold... [34m0.0s[0m
[?25h[?25l[0G[+] copy 1/1
 [32m✔[0m frappe_docker-backend-1 [32mCopied[0m /opt/backups/frappe/uploads/latestfold... [34m0.0s[0m
[?25hRestoring site...
App frappe already installed
*** Scheduler is disabled ***
Site 192.168.225.78 has been restored with files
Running migrations...
Migrating 192.168.225.78
Updating DocTypes for frappe        : [                                        ] 0%Updating DocTypes for frappe        : [                                        ] 0%Updating DocTypes for frappe        : [                                        ] 0%Updating DocTypes for frappe        : [                                        ] 1%Updating DocTypes for frappe        : [                                        ] 1%Updating DocTypes for frappe        : [                                        ] 1%Updating DocTypes for frappe        : [                                        ] 1%Updating DocTypes for frappe        : [                                        ] 2%Updating DocTypes for frappe        : [=                                       ] 2%Updating DocTypes for frappe        : [=                                       ] 2%Updating DocTypes for frappe        : [=                                       ] 3%Updating DocTypes for frappe        : [=                                       ] 3%Updating DocTypes for frappe        : [=                                       ] 3%Updating DocTypes for frappe        : [=                                       ] 3%Updating DocTypes for frappe        : [=                                       ] 4%Updating DocTypes for frappe        : [=                                       ] 4%Updating DocTypes for frappe        : [=                                       ] 4%Updating DocTypes for frappe        : [==                                      ] 5%Updating DocTypes for frappe        : [==                                      ] 5%Updating DocTypes for frappe        : [==                                      ] 5%Updating DocTypes for frappe        : [==                                      ] 5%Updating DocTypes for frappe        : [==                                      ] 6%Updating DocTypes for frappe        : [==                                      ] 6%Updating DocTypes for frappe        : [==                                      ] 6%Updating DocTypes for frappe        : [==                                      ] 6%Updating DocTypes for frappe        : [==                                      ] 7%Updating DocTypes for frappe        : [===                                     ] 7%Updating DocTypes for frappe        : [===                                     ] 7%Updating DocTypes for frappe        : [===                                     ] 8%Updating DocTypes for frappe        : [===                                     ] 8%Updating DocTypes for frappe        : [===                                     ] 8%Updating DocTypes for frappe        : [===                                     ] 8%Updating DocTypes for frappe        : [===                                     ] 9%Updating DocTypes for frappe        : [===                                     ] 9%Updating DocTypes for frappe        : [===                                     ] 9%Updating DocTypes for frappe        : [====                                    ] 10%Updating DocTypes for frappe        : [====                                    ] 10%Updating DocTypes for frappe        : [====                                    ] 10%Updating DocTypes for frappe        : [====                                    ] 10%Updating DocTypes for frappe        : [====                                    ] 11%Updating DocTypes for frappe        : [====                                    ] 11%Updating DocTypes for frappe        : [====                                    ] 11%Updating DocTypes for frappe        : [====                                    ] 11%Updating DocTypes for frappe        : [====                                    ] 12%Updating DocTypes for frappe        : [=====                                   ] 12%Updating DocTypes for frappe        : [=====                                   ] 12%Updating DocTypes for frappe        : [=====                                   ] 13%Updating DocTypes for frappe        : [=====                                   ] 13%Updating DocTypes for frappe        : [=====                                   ] 13%Updating DocTypes for frappe        : [=====                                   ] 13%Updating DocTypes for frappe        : [=====                                   ] 14%Updating DocTypes for frappe        : [=====                                   ] 14%Updating DocTypes for frappe        : [=====                                   ] 14%Updating DocTypes for frappe        : [======                                  ] 15%Updating DocTypes for frappe        : [======                                  ] 15%Updating DocTypes for frappe        : [======                                  ] 15%Updating DocTypes for frappe        : [======                                  ] 15%Updating DocTypes for frappe        : [======                                  ] 16%Updating DocTypes for frappe        : [======                                  ] 16%Updating DocTypes for frappe        : [======                                  ] 16%Updating DocTypes for frappe        : [======                                  ] 16%Updating DocTypes for frappe        : [======                                  ] 17%Updating DocTypes for frappe        : [=======                                 ] 17%Updating DocTypes for frappe        : [=======                                 ] 17%Updating DocTypes for frappe        : [=======                                 ] 18%Updating DocTypes for frappe        : [=======                                 ] 18%Updating DocTypes for frappe        : [=======                                 ] 18%Updating DocTypes for frappe        : [=======                                 ] 18%Updating DocTypes for frappe        : [=======                                 ] 19%Updating DocTypes for frappe        : [=======                                 ] 19%Updating DocTypes for frappe        : [=======                                 ] 19%Updating DocTypes for frappe        : [========                                ] 20%Updating DocTypes for frappe        : [========                                ] 20%Updating DocTypes for frappe        : [========                                ] 20%Updating DocTypes for frappe        : [========                                ] 20%Updating DocTypes for frappe        : [========                                ] 21%Updating DocTypes for frappe        : [========                                ] 21%Updating DocTypes for frappe        : [========                                ] 21%Updating DocTypes for frappe        : [========                                ] 22%Updating DocTypes for frappe        : [========                                ] 22%Updating DocTypes for frappe        : [=========                               ] 22%Updating DocTypes for frappe        : [=========                               ] 22%Updating DocTypes for frappe        : [=========                               ] 23%Updating DocTypes for frappe        : [=========                               ] 23%Updating DocTypes for frappe        : [=========                               ] 23%Updating DocTypes for frappe        : [=========                               ] 23%Updating DocTypes for frappe        : [=========                               ] 24%Updating DocTypes for frappe        : [=========                               ] 24%Updating DocTypes for frappe        : [=========                               ] 24%Updating DocTypes for frappe        : [==========                              ] 25%Updating DocTypes for frappe        : [==========                              ] 25%Updating DocTypes for frappe        : [==========                              ] 25%Updating DocTypes for frappe        : [==========                              ] 25%Updating DocTypes for frappe        : [==========                              ] 26%Updating DocTypes for frappe        : [==========                              ] 26%Updating DocTypes for frappe        : [==========                              ] 26%Updating DocTypes for frappe        : [==========                              ] 27%Updating DocTypes for frappe        : [==========                              ] 27%Updating DocTypes for frappe        : [===========                             ] 27%Updating DocTypes for frappe        : [===========                             ] 27%Updating DocTypes for frappe        : [===========                             ] 28%Updating DocTypes for frappe        : [===========                             ] 28%Updating DocTypes for frappe        : [===========                             ] 28%Updating DocTypes for frappe        : [===========                             ] 28%Updating DocTypes for frappe        : [===========                             ] 29%Updating DocTypes for frappe        : [===========                             ] 29%Updating DocTypes for frappe        : [===========                             ] 29%Updating DocTypes for frappe        : [============                            ] 30%Updating DocTypes for frappe        : [============                            ] 30%Updating DocTypes for frappe        : [============                            ] 30%Updating DocTypes for frappe        : [============                            ] 30%Updating DocTypes for frappe        : [============                            ] 31%Updating DocTypes for frappe        : [============                            ] 31%Updating DocTypes for frappe        : [============                            ] 31%Updating DocTypes for frappe        : [============                            ] 32%Updating DocTypes for frappe        : [============                            ] 32%Updating DocTypes for frappe        : [=============                           ] 32%Updating DocTypes for frappe        : [=============                           ] 32%Updating DocTypes for frappe        : [=============                           ] 33%Updating DocTypes for frappe        : [=============                           ] 33%Updating DocTypes for frappe        : [=============                           ] 33%Updating DocTypes for frappe        : [=============                           ] 33%Updating DocTypes for frappe        : [=============                           ] 34%Updating DocTypes for frappe        : [=============                           ] 34%Updating DocTypes for frappe        : [=============                           ] 34%Updating DocTypes for frappe        : [==============                          ] 35%Updating DocTypes for frappe        : [==============                          ] 35%Updating DocTypes for frappe        : [==============                          ] 35%Updating DocTypes for frappe        : [==============                          ] 35%Updating DocTypes for frappe        : [==============                          ] 36%Updating DocTypes for frappe        : [==============                          ] 36%Updating DocTypes for frappe        : [==============                          ] 36%Updating DocTypes for frappe        : [==============                          ] 37%Updating DocTypes for frappe        : [==============                          ] 37%Updating DocTypes for frappe        : [===============                         ] 37%Updating DocTypes for frappe        : [===============                         ] 37%Updating DocTypes for frappe        : [===============                         ] 38%Updating DocTypes for frappe        : [===============                         ] 38%Updating DocTypes for frappe        : [===============                         ] 38%Updating DocTypes for frappe        : [===============                         ] 38%Updating DocTypes for frappe        : [===============                         ] 39%Updating DocTypes for frappe        : [===============                         ] 39%Updating DocTypes for frappe        : [===============                         ] 39%Updating DocTypes for frappe        : [================                        ] 40%Updating DocTypes for frappe        : [================                        ] 40%Updating DocTypes for frappe        : [================                        ] 40%Updating DocTypes for frappe        : [================                        ] 40%Updating DocTypes for frappe        : [================                        ] 41%Updating DocTypes for frappe        : [================                        ] 41%Updating DocTypes for frappe        : [================                        ] 41%Updating DocTypes for frappe        : [================                        ] 42%Updating DocTypes for frappe        : [================                        ] 42%Updating DocTypes for frappe        : [=================                       ] 42%Updating DocTypes for frappe        : [=================                       ] 42%Updating DocTypes for frappe        : [=================                       ] 43%Updating DocTypes for frappe        : [=================                       ] 43%Updating DocTypes for frappe        : [=================                       ] 43%Updating DocTypes for frappe        : [=================                       ] 44%Updating DocTypes for frappe        : [=================                       ] 44%Updating DocTypes for frappe        : [=================                       ] 44%Updating DocTypes for frappe        : [=================                       ] 44%Updating DocTypes for frappe        : [==================                      ] 45%Updating DocTypes for frappe        : [==================                      ] 45%Updating DocTypes for frappe        : [==================                      ] 45%Updating DocTypes for frappe        : [==================                      ] 45%Updating DocTypes for frappe        : [==================                      ] 46%Updating DocTypes for frappe        : [==================                      ] 46%Updating DocTypes for frappe        : [==================                      ] 46%Updating DocTypes for frappe        : [==================                      ] 47%Updating DocTypes for frappe        : [==================                      ] 47%Updating DocTypes for frappe        : [===================                     ] 47%Updating DocTypes for frappe        : [===================                     ] 47%Updating DocTypes for frappe        : [===================                     ] 48%Updating DocTypes for frappe        : [===================                     ] 48%Updating DocTypes for frappe        : [===================                     ] 48%Updating DocTypes for frappe        : [===================                     ] 49%Updating DocTypes for frappe        : [===================                     ] 49%Updating DocTypes for frappe        : [===================                     ] 49%Updating DocTypes for frappe        : [===================                     ] 49%Updating DocTypes for frappe        : [====================                    ] 50%Updating DocTypes for frappe        : [====================                    ] 50%Updating DocTypes for frappe        : [====================                    ] 50%Updating DocTypes for frappe        : [====================                    ] 50%Updating DocTypes for frappe        : [====================                    ] 51%Updating DocTypes for frappe        : [====================                    ] 51%Updating DocTypes for frappe        : [====================                    ] 51%Updating DocTypes for frappe        : [====================                    ] 52%Updating DocTypes for frappe        : [====================                    ] 52%Updating DocTypes for frappe        : [=====================                   ] 52%Updating DocTypes for frappe        : [=====================                   ] 52%Updating DocTypes for frappe        : [=====================                   ] 53%Updating DocTypes for frappe        : [=====================                   ] 53%Updating DocTypes for frappe        : [=====================                   ] 53%Updating DocTypes for frappe        : [=====================                   ] 54%Updating DocTypes for frappe        : [=====================                   ] 54%Updating DocTypes for frappe        : [=====================                   ] 54%Updating DocTypes for frappe        : [=====================                   ] 54%Updating DocTypes for frappe        : [======================                  ] 55%Updating DocTypes for frappe        : [======================                  ] 55%Updating DocTypes for frappe        : [======================                  ] 55%Updating DocTypes for frappe        : [======================                  ] 55%Updating DocTypes for frappe        : [======================                  ] 56%Updating DocTypes for frappe        : [======================                  ] 56%Updating DocTypes for frappe        : [======================                  ] 56%Updating DocTypes for frappe        : [======================                  ] 57%Updating DocTypes for frappe        : [======================                  ] 57%Updating DocTypes for frappe        : [=======================                 ] 57%Updating DocTypes for frappe        : [=======================                 ] 57%Updating DocTypes for frappe        : [=======================                 ] 58%Updating DocTypes for frappe        : [=======================                 ] 58%Updating DocTypes for frappe        : [=======================                 ] 58%Updating DocTypes for frappe        : [=======================                 ] 59%Updating DocTypes for frappe        : [=======================                 ] 59%Updating DocTypes for frappe        : [=======================                 ] 59%Updating DocTypes for frappe        : [=======================                 ] 59%Updating DocTypes for frappe        : [========================                ] 60%Updating DocTypes for frappe        : [========================                ] 60%Updating DocTypes for frappe        : [========================                ] 60%Updating DocTypes for frappe        : [========================                ] 61%Updating DocTypes for frappe        : [========================                ] 61%Updating DocTypes for frappe        : [========================                ] 61%Updating DocTypes for frappe        : [========================                ] 61%Updating DocTypes for frappe        : [========================                ] 62%Updating DocTypes for frappe        : [========================                ] 62%Updating DocTypes for frappe        : [=========================               ] 62%Updating DocTypes for frappe        : [=========================               ] 62%Updating DocTypes for frappe        : [=========================               ] 63%Updating DocTypes for frappe        : [=========================               ] 63%Updating DocTypes for frappe        : [=========================               ] 63%Updating DocTypes for frappe        : [=========================               ] 64%Updating DocTypes for frappe        : [=========================               ] 64%Updating DocTypes for frappe        : [=========================               ] 64%Updating DocTypes for frappe        : [=========================               ] 64%Updating DocTypes for frappe        : [==========================              ] 65%Updating DocTypes for frappe        : [==========================              ] 65%Updating DocTypes for frappe        : [==========================              ] 65%Updating DocTypes for frappe        : [==========================              ] 66%Updating DocTypes for frappe        : [==========================              ] 66%Updating DocTypes for frappe        : [==========================              ] 66%Updating DocTypes for frappe        : [==========================              ] 66%Updating DocTypes for frappe        : [==========================              ] 67%Updating DocTypes for frappe        : [==========================              ] 67%Updating DocTypes for frappe        : [===========================             ] 67%Updating DocTypes for frappe        : [===========================             ] 67%Updating DocTypes for frappe        : [===========================             ] 68%Updating DocTypes for frappe        : [===========================             ] 68%Updating DocTypes for frappe        : [===========================             ] 68%Updating DocTypes for frappe        : [===========================             ] 69%Updating DocTypes for frappe        : [===========================             ] 69%Updating DocTypes for frappe        : [===========================             ] 69%Updating DocTypes for frappe        : [===========================             ] 69%Updating DocTypes for frappe        : [============================            ] 70%Updating DocTypes for frappe        : [============================            ] 70%Updating DocTypes for frappe        : [============================            ] 70%Updating DocTypes for frappe        : [============================            ] 71%Updating DocTypes for frappe        : [============================            ] 71%Updating DocTypes for frappe        : [============================            ] 71%Updating DocTypes for frappe        : [============================            ] 71%Updating DocTypes for frappe        : [============================            ] 72%Updating DocTypes for frappe        : [============================            ] 72%Updating DocTypes for frappe        : [=============================           ] 72%Updating DocTypes for frappe        : [=============================           ] 72%Updating DocTypes for frappe        : [=============================           ] 73%Updating DocTypes for frappe        : [=============================           ] 73%Updating DocTypes for frappe        : [=============================           ] 73%Updating DocTypes for frappe        : [=============================           ] 74%Updating DocTypes for frappe        : [=============================           ] 74%Updating DocTypes for frappe        : [=============================           ] 74%Updating DocTypes for frappe        : [=============================           ] 74%Updating DocTypes for frappe        : [==============================          ] 75%Updating DocTypes for frappe        : [==============================          ] 75%Updating DocTypes for frappe        : [==============================          ] 75%Updating DocTypes for frappe        : [==============================          ] 76%Updating DocTypes for frappe        : [==============================          ] 76%Updating DocTypes for frappe        : [==============================          ] 76%Updating DocTypes for frappe        : [==============================          ] 76%Updating DocTypes for frappe        : [==============================          ] 77%Updating DocTypes for frappe        : [==============================          ] 77%Updating DocTypes for frappe        : [===============================         ] 77%Updating DocTypes for frappe        : [===============================         ] 77%Updating DocTypes for frappe        : [===============================         ] 78%Updating DocTypes for frappe        : [===============================         ] 78%Updating DocTypes for frappe        : [===============================         ] 78%Updating DocTypes for frappe        : [===============================         ] 79%Updating DocTypes for frappe        : [===============================         ] 79%Updating DocTypes for frappe        : [===============================         ] 79%Updating DocTypes for frappe        : [===============================         ] 79%Updating DocTypes for frappe        : [================================        ] 80%Updating DocTypes for frappe        : [================================        ] 80%Updating DocTypes for frappe        : [================================        ] 80%Updating DocTypes for frappe        : [================================        ] 81%Updating DocTypes for frappe        : [================================        ] 81%Updating DocTypes for frappe        : [================================        ] 81%Updating DocTypes for frappe        : [================================        ] 81%Updating DocTypes for frappe        : [================================        ] 82%Updating DocTypes for frappe        : [================================        ] 82%Updating DocTypes for frappe        : [=================================       ] 82%Updating DocTypes for frappe        : [=================================       ] 83%Updating DocTypes for frappe        : [=================================       ] 83%Updating DocTypes for frappe        : [=================================       ] 83%Updating DocTypes for frappe        : [=================================       ] 83%Updating DocTypes for frappe        : [=================================       ] 84%Updating DocTypes for frappe        : [=================================       ] 84%Updating DocTypes for frappe        : [=================================       ] 84%Updating DocTypes for frappe        : [=================================       ] 84%Updating DocTypes for frappe        : [==================================      ] 85%Updating DocTypes for frappe        : [==================================      ] 85%Updating DocTypes for frappe        : [==================================      ] 85%Updating DocTypes for frappe        : [==================================      ] 86%Updating DocTypes for frappe        : [==================================      ] 86%Updating DocTypes for frappe        : [==================================      ] 86%Updating DocTypes for frappe        : [==================================      ] 86%Updating DocTypes for frappe        : [==================================      ] 87%Updating DocTypes for frappe        : [==================================      ] 87%Updating DocTypes for frappe        : [===================================     ] 87%Updating DocTypes for frappe        : [===================================     ] 88%Updating DocTypes for frappe        : [===================================     ] 88%Updating DocTypes for frappe        : [===================================     ] 88%Updating DocTypes for frappe        : [===================================     ] 88%Updating DocTypes for frappe        : [===================================     ] 89%Updating DocTypes for frappe        : [===================================     ] 89%Updating DocTypes for frappe        : [===================================     ] 89%Updating DocTypes for frappe        : [===================================     ] 89%Updating DocTypes for frappe        : [====================================    ] 90%Updating DocTypes for frappe        : [====================================    ] 90%Updating DocTypes for frappe        : [====================================    ] 90%Updating DocTypes for frappe        : [====================================    ] 91%Updating DocTypes for frappe        : [====================================    ] 91%Updating DocTypes for frappe        : [====================================    ] 91%Updating DocTypes for frappe        : [====================================    ] 91%Updating DocTypes for frappe        : [====================================    ] 92%Updating DocTypes for frappe        : [====================================    ] 92%Updating DocTypes for frappe        : [=====================================   ] 92%Updating DocTypes for frappe        : [=====================================   ] 93%Updating DocTypes for frappe        : [=====================================   ] 93%Updating DocTypes for frappe        : [=====================================   ] 93%Updating DocTypes for frappe        : [=====================================   ] 93%Updating DocTypes for frappe        : [=====================================   ] 94%Updating DocTypes for frappe        : [=====================================   ] 94%Updating DocTypes for frappe        : [=====================================   ] 94%Updating DocTypes for frappe        : [=====================================   ] 94%Updating DocTypes for frappe        : [======================================  ] 95%Updating DocTypes for frappe        : [======================================  ] 95%Updating DocTypes for frappe        : [======================================  ] 95%Updating DocTypes for frappe        : [======================================  ] 96%Updating DocTypes for frappe        : [======================================  ] 96%Updating DocTypes for frappe        : [======================================  ] 96%Updating DocTypes for frappe        : [======================================  ] 96%Updating DocTypes for frappe        : [======================================  ] 97%Updating DocTypes for frappe        : [======================================  ] 97%Updating DocTypes for frappe        : [======================================= ] 97%Updating DocTypes for frappe        : [======================================= ] 98%Updating DocTypes for frappe        : [======================================= ] 98%Updating DocTypes for frappe        : [======================================= ] 98%Updating DocTypes for frappe        : [======================================= ] 98%Updating DocTypes for frappe        : [======================================= ] 99%Updating DocTypes for frappe        : [======================================= ] 99%Updating DocTypes for frappe        : [======================================= ] 99%Updating DocTypes for frappe        : [========================================] 100%
Updating DocTypes for erpnext       : [                                        ] 0%Updating DocTypes for erpnext       : [                                        ] 0%Updating DocTypes for erpnext       : [                                        ] 0%Updating DocTypes for erpnext       : [                                        ] 0%Updating DocTypes for erpnext       : [                                        ] 0%Updating DocTypes for erpnext       : [                                        ] 0%Updating DocTypes for erpnext       : [                                        ] 0%Updating DocTypes for erpnext       : [                                        ] 0%Updating DocTypes for erpnext       : [                                        ] 1%Updating DocTypes for erpnext       : [                                        ] 1%Updating DocTypes for erpnext       : [                                        ] 1%Updating DocTypes for erpnext       : [                                        ] 1%Updating DocTypes for erpnext       : [                                        ] 1%Updating DocTypes for erpnext       : [                                        ] 1%Updating DocTypes for erpnext       : [                                        ] 1%Updating DocTypes for erpnext       : [                                        ] 1%Updating DocTypes for erpnext       : [                                        ] 1%Updating DocTypes for erpnext       : [                                        ] 2%Updating DocTypes for erpnext       : [                                        ] 2%Updating DocTypes for erpnext       : [                                        ] 2%Updating DocTypes for erpnext       : [                                        ] 2%Updating DocTypes for erpnext       : [                                        ] 2%Updating DocTypes for erpnext       : [=                                       ] 2%Updating DocTypes for erpnext       : [=                                       ] 2%Updating DocTypes for erpnext       : [=                                       ] 2%Updating DocTypes for erpnext       : [=                                       ] 2%Updating DocTypes for erpnext       : [=                                       ] 3%Updating DocTypes for erpnext       : [=                                       ] 3%Updating DocTypes for erpnext       : [=                                       ] 3%Updating DocTypes for erpnext       : [=                                       ] 3%Updating DocTypes for erpnext       : [=                                       ] 3%Updating DocTypes for erpnext       : [=                                       ] 3%Updating DocTypes for erpnext       : [=                                       ] 3%Updating DocTypes for erpnext       : [=                                       ] 3%Updating DocTypes for erpnext       : [=                                       ] 3%Updating DocTypes for erpnext       : [=                                       ] 4%Updating DocTypes for erpnext       : [=                                       ] 4%Updating DocTypes for erpnext       : [=                                       ] 4%Updating DocTypes for erpnext       : [=                                       ] 4%Updating DocTypes for erpnext       : [=                                       ] 4%Updating DocTypes for erpnext       : [=                                       ] 4%Updating DocTypes for erpnext       : [=                                       ] 4%Updating DocTypes for erpnext       : [=                                       ] 4%Updating DocTypes for erpnext       : [=                                       ] 4%Updating DocTypes for erpnext       : [==                                      ] 5%Updating DocTypes for erpnext       : [==                                      ] 5%Updating DocTypes for erpnext       : [==                                      ] 5%Updating DocTypes for erpnext       : [==                                      ] 5%Updating DocTypes for erpnext       : [==                                      ] 5%Updating DocTypes for erpnext       : [==                                      ] 5%Updating DocTypes for erpnext       : [==                                      ] 5%Updating DocTypes for erpnext       : [==                                      ] 5%Updating DocTypes for erpnext       : [==                                      ] 5%Updating DocTypes for erpnext       : [==                                      ] 6%Updating DocTypes for erpnext       : [==                                      ] 6%Updating DocTypes for erpnext       : [==                                      ] 6%Updating DocTypes for erpnext       : [==                                      ] 6%Updating DocTypes for erpnext       : [==                                      ] 6%Updating DocTypes for erpnext       : [==                                      ] 6%Updating DocTypes for erpnext       : [==                                      ] 6%Updating DocTypes for erpnext       : [==                                      ] 6%Updating DocTypes for erpnext       : [==                                      ] 6%Updating DocTypes for erpnext       : [==                                      ] 7%Updating DocTypes for erpnext       : [==                                      ] 7%Updating DocTypes for erpnext       : [==                                      ] 7%Updating DocTypes for erpnext       : [==                                      ] 7%Updating DocTypes for erpnext       : [==                                      ] 7%Updating DocTypes for erpnext       : [===                                     ] 7%Updating DocTypes for erpnext       : [===                                     ] 7%Updating DocTypes for erpnext       : [===                                     ] 7%Updating DocTypes for erpnext       : [===                                     ] 7%Updating DocTypes for erpnext       : [===                                     ] 8%Updating DocTypes for erpnext       : [===                                     ] 8%Updating DocTypes for erpnext       : [===                                     ] 8%Updating DocTypes for erpnext       : [===                                     ] 8%Updating DocTypes for erpnext       : [===                                     ] 8%Updating DocTypes for erpnext       : [===                                     ] 8%Updating DocTypes for erpnext       : [===                                     ] 8%Updating DocTypes for erpnext       : [===                                     ] 8%Updating DocTypes for erpnext       : [===                                     ] 8%Updating DocTypes for erpnext       : [===                                     ] 9%Updating DocTypes for erpnext       : [===                                     ] 9%Updating DocTypes for erpnext       : [===                                     ] 9%Updating DocTypes for erpnext       : [===                                     ] 9%Updating DocTypes for erpnext       : [===                                     ] 9%Updating DocTypes for erpnext       : [===                                     ] 9%Updating DocTypes for erpnext       : [===                                     ] 9%Updating DocTypes for erpnext       : [===                                     ] 9%Updating DocTypes for erpnext       : [===                                     ] 9%Updating DocTypes for erpnext       : [====                                    ] 10%Updating DocTypes for erpnext       : [====                                    ] 10%Updating DocTypes for erpnext       : [====                                    ] 10%Updating DocTypes for erpnext       : [====                                    ] 10%Updating DocTypes for erpnext       : [====                                    ] 10%Updating DocTypes for erpnext       : [====                                    ] 10%Updating DocTypes for erpnext       : [====                                    ] 10%Updating DocTypes for erpnext       : [====                                    ] 10%Updating DocTypes for erpnext       : [====                                    ] 10%Updating DocTypes for erpnext       : [====                                    ] 11%Updating DocTypes for erpnext       : [====                                    ] 11%Updating DocTypes for erpnext       : [====                                    ] 11%Updating DocTypes for erpnext       : [====                                    ] 11%Updating DocTypes for erpnext       : [====                                    ] 11%Updating DocTypes for erpnext       : [====                                    ] 11%Updating DocTypes for erpnext       : [====                                    ] 11%Updating DocTypes for erpnext       : [====                                    ] 11%Updating DocTypes for erpnext       : [====                                    ] 11%Updating DocTypes for erpnext       : [====                                    ] 12%Updating DocTypes for erpnext       : [====                                    ] 12%Updating DocTypes for erpnext       : [====                                    ] 12%Updating DocTypes for erpnext       : [====                                    ] 12%Updating DocTypes for erpnext       : [====                                    ] 12%Updating DocTypes for erpnext       : [=====                                   ] 12%Updating DocTypes for erpnext       : [=====                                   ] 12%Updating DocTypes for erpnext       : [=====                                   ] 12%Updating DocTypes for erpnext       : [=====                                   ] 12%Updating DocTypes for erpnext       : [=====                                   ] 13%Updating DocTypes for erpnext       : [=====                                   ] 13%Updating DocTypes for erpnext       : [=====                                   ] 13%Updating DocTypes for erpnext       : [=====                                   ] 13%Updating DocTypes for erpnext       : [=====                                   ] 13%Updating DocTypes for erpnext       : [=====                                   ] 13%Updating DocTypes for erpnext       : [=====                                   ] 13%Updating DocTypes for erpnext       : [=====                                   ] 13%Updating DocTypes for erpnext       : [=====                                   ] 13%Updating DocTypes for erpnext       : [=====                                   ] 14%Updating DocTypes for erpnext       : [=====                                   ] 14%Updating DocTypes for erpnext       : [=====                                   ] 14%Updating DocTypes for erpnext       : [=====                                   ] 14%Updating DocTypes for erpnext       : [=====                                   ] 14%Updating DocTypes for erpnext       : [=====                                   ] 14%Updating DocTypes for erpnext       : [=====                                   ] 14%Updating DocTypes for erpnext       : [=====                                   ] 14%Updating DocTypes for erpnext       : [=====                                   ] 14%Updating DocTypes for erpnext       : [======                                  ] 15%Updating DocTypes for erpnext       : [======                                  ] 15%Updating DocTypes for erpnext       : [======                                  ] 15%Updating DocTypes for erpnext       : [======                                  ] 15%Updating DocTypes for erpnext       : [======                                  ] 15%Updating DocTypes for erpnext       : [======                                  ] 15%Updating DocTypes for erpnext       : [======                                  ] 15%Updating DocTypes for erpnext       : [======                                  ] 15%Updating DocTypes for erpnext       : [======                                  ] 15%Updating DocTypes for erpnext       : [======                                  ] 16%Updating DocTypes for erpnext       : [======                                  ] 16%Updating DocTypes for erpnext       : [======                                  ] 16%Updating DocTypes for erpnext       : [======                                  ] 16%Updating DocTypes for erpnext       : [======                                  ] 16%Updating DocTypes for erpnext       : [======                                  ] 16%Updating DocTypes for erpnext       : [======                                  ] 16%Updating DocTypes for erpnext       : [======                                  ] 16%Updating DocTypes for erpnext       : [======                                  ] 16%Updating DocTypes for erpnext       : [======                                  ] 17%Updating DocTypes for erpnext       : [======                                  ] 17%Updating DocTypes for erpnext       : [======                                  ] 17%Updating DocTypes for erpnext       : [======                                  ] 17%Updating DocTypes for erpnext       : [======                                  ] 17%Updating DocTypes for erpnext       : [=======                                 ] 17%Updating DocTypes for erpnext       : [=======                                 ] 17%Updating DocTypes for erpnext       : [=======                                 ] 17%Updating DocTypes for erpnext       : [=======                                 ] 17%Updating DocTypes for erpnext       : [=======                                 ] 18%Updating DocTypes for erpnext       : [=======                                 ] 18%Updating DocTypes for erpnext       : [=======                                 ] 18%Updating DocTypes for erpnext       : [=======                                 ] 18%Updating DocTypes for erpnext       : [=======                                 ] 18%Updating DocTypes for erpnext       : [=======                                 ] 18%Updating DocTypes for erpnext       : [=======                                 ] 18%Updating DocTypes for erpnext       : [=======                                 ] 18%Updating DocTypes for erpnext       : [=======                                 ] 18%Updating DocTypes for erpnext       : [=======                                 ] 19%Updating DocTypes for erpnext       : [=======                                 ] 19%Updating DocTypes for erpnext       : [=======                                 ] 19%Updating DocTypes for erpnext       : [=======                                 ] 19%Updating DocTypes for erpnext       : [=======                                 ] 19%Updating DocTypes for erpnext       : [=======                                 ] 19%Updating DocTypes for erpnext       : [=======                                 ] 19%Updating DocTypes for erpnext       : [=======                                 ] 19%Updating DocTypes for erpnext       : [=======                                 ] 19%Updating DocTypes for erpnext       : [========                                ] 20%Updating DocTypes for erpnext       : [========                                ] 20%Updating DocTypes for erpnext       : [========                                ] 20%Updating DocTypes for erpnext       : [========                                ] 20%Updating DocTypes for erpnext       : [========                                ] 20%Updating DocTypes for erpnext       : [========                                ] 20%Updating DocTypes for erpnext       : [========                                ] 20%Updating DocTypes for erpnext       : [========                                ] 20%Updating DocTypes for erpnext       : [========                                ] 20%Updating DocTypes for erpnext       : [========                                ] 21%Updating DocTypes for erpnext       : [========                                ] 21%Updating DocTypes for erpnext       : [========                                ] 21%Updating DocTypes for erpnext       : [========                                ] 21%Updating DocTypes for erpnext       : [========                                ] 21%Updating DocTypes for erpnext       : [========                                ] 21%Updating DocTypes for erpnext       : [========                                ] 21%Updating DocTypes for erpnext       : [========                                ] 21%Updating DocTypes for erpnext       : [========                                ] 21%Updating DocTypes for erpnext       : [========                                ] 22%Updating DocTypes for erpnext       : [========                                ] 22%Updating DocTypes for erpnext       : [========                                ] 22%Updating DocTypes for erpnext       : [========                                ] 22%Updating DocTypes for erpnext       : [========                                ] 22%Updating DocTypes for erpnext       : [=========                               ] 22%Updating DocTypes for erpnext       : [=========                               ] 22%Updating DocTypes for erpnext       : [=========                               ] 22%Updating DocTypes for erpnext       : [=========                               ] 22%Updating DocTypes for erpnext       : [=========                               ] 23%Updating DocTypes for erpnext       : [=========                               ] 23%Updating DocTypes for erpnext       : [=========                               ] 23%Updating DocTypes for erpnext       : [=========                               ] 23%Updating DocTypes for erpnext       : [=========                               ] 23%Updating DocTypes for erpnext       : [=========                               ] 23%Updating DocTypes for erpnext       : [=========                               ] 23%Updating DocTypes for erpnext       : [=========                               ] 23%Updating DocTypes for erpnext       : [=========                               ] 23%Updating DocTypes for erpnext       : [=========                               ] 24%Updating DocTypes for erpnext       : [=========                               ] 24%Updating DocTypes for erpnext       : [=========                               ] 24%Updating DocTypes for erpnext       : [=========                               ] 24%Updating DocTypes for erpnext       : [=========                               ] 24%Updating DocTypes for erpnext       : [=========                               ] 24%Updating DocTypes for erpnext       : [=========                               ] 24%Updating DocTypes for erpnext       : [=========                               ] 24%Updating DocTypes for erpnext       : [=========                               ] 24%Updating DocTypes for erpnext       : [==========                              ] 25%Updating DocTypes for erpnext       : [==========                              ] 25%Updating DocTypes for erpnext       : [==========                              ] 25%Updating DocTypes for erpnext       : [==========                              ] 25%Updating DocTypes for erpnext       : [==========                              ] 25%Updating DocTypes for erpnext       : [==========                              ] 25%Updating DocTypes for erpnext       : [==========                              ] 25%Updating DocTypes for erpnext       : [==========                              ] 25%Updating DocTypes for erpnext       : [==========                              ] 25%Updating DocTypes for erpnext       : [==========                              ] 26%Updating DocTypes for erpnext       : [==========                              ] 26%Updating DocTypes for erpnext       : [==========                              ] 26%Updating DocTypes for erpnext       : [==========                              ] 26%Updating DocTypes for erpnext       : [==========                              ] 26%Updating DocTypes for erpnext       : [==========                              ] 26%Updating DocTypes for erpnext       : [==========                              ] 26%Updating DocTypes for erpnext       : [==========                              ] 26%Updating DocTypes for erpnext       : [==========                              ] 26%Updating DocTypes for erpnext       : [==========                              ] 27%Updating DocTypes for erpnext       : [==========                              ] 27%Updating DocTypes for erpnext       : [==========                              ] 27%Updating DocTypes for erpnext       : [==========                              ] 27%Updating DocTypes for erpnext       : [==========                              ] 27%Updating DocTypes for erpnext       : [===========                             ] 27%Updating DocTypes for erpnext       : [===========                             ] 27%Updating DocTypes for erpnext       : [===========                             ] 27%Updating DocTypes for erpnext       : [===========                             ] 27%Updating DocTypes for erpnext       : [===========                             ] 28%Updating DocTypes for erpnext       : [===========                             ] 28%Updating DocTypes for erpnext       : [===========                             ] 28%Updating DocTypes for erpnext       : [===========                             ] 28%Updating DocTypes for erpnext       : [===========                             ] 28%Updating DocTypes for erpnext       : [===========                             ] 28%Updating DocTypes for erpnext       : [===========                             ] 28%Updating DocTypes for erpnext       : [===========                             ] 28%Updating DocTypes for erpnext       : [===========                             ] 28%Updating DocTypes for erpnext       : [===========                             ] 29%Updating DocTypes for erpnext       : [===========                             ] 29%Updating DocTypes for erpnext       : [===========                             ] 29%Updating DocTypes for erpnext       : [===========                             ] 29%Updating DocTypes for erpnext       : [===========                             ] 29%Updating DocTypes for erpnext       : [===========                             ] 29%Updating DocTypes for erpnext       : [===========                             ] 29%Updating DocTypes for erpnext       : [===========                             ] 29%Updating DocTypes for erpnext       : [===========                             ] 29%Updating DocTypes for erpnext       : [============                            ] 30%Updating DocTypes for erpnext       : [============                            ] 30%Updating DocTypes for erpnext       : [============                            ] 30%Updating DocTypes for erpnext       : [============                            ] 30%Updating DocTypes for erpnext       : [============                            ] 30%Updating DocTypes for erpnext       : [============                            ] 30%Updating DocTypes for erpnext       : [============                            ] 30%Updating DocTypes for erpnext       : [============                            ] 30%Updating DocTypes for erpnext       : [============                            ] 30%Updating DocTypes for erpnext       : [============                            ] 31%Updating DocTypes for erpnext       : [============                            ] 31%Updating DocTypes for erpnext       : [============                            ] 31%Updating DocTypes for erpnext       : [============                            ] 31%Updating DocTypes for erpnext       : [============                            ] 31%Updating DocTypes for erpnext       : [============                            ] 31%Updating DocTypes for erpnext       : [============                            ] 31%Updating DocTypes for erpnext       : [============                            ] 31%Updating DocTypes for erpnext       : [============                            ] 31%Updating DocTypes for erpnext       : [============                            ] 32%Updating DocTypes for erpnext       : [============                            ] 32%Updating DocTypes for erpnext       : [============                            ] 32%Updating DocTypes for erpnext       : [============                            ] 32%Updating DocTypes for erpnext       : [============                            ] 32%Updating DocTypes for erpnext       : [=============                           ] 32%Updating DocTypes for erpnext       : [=============                           ] 32%Updating DocTypes for erpnext       : [=============                           ] 32%Updating DocTypes for erpnext       : [=============                           ] 32%Updating DocTypes for erpnext       : [=============                           ] 33%Updating DocTypes for erpnext       : [=============                           ] 33%Updating DocTypes for erpnext       : [=============                           ] 33%Updating DocTypes for erpnext       : [=============                           ] 33%Updating DocTypes for erpnext       : [=============                           ] 33%Updating DocTypes for erpnext       : [=============                           ] 33%Updating DocTypes for erpnext       : [=============                           ] 33%Updating DocTypes for erpnext       : [=============                           ] 33%Updating DocTypes for erpnext       : [=============                           ] 33%Updating DocTypes for erpnext       : [=============                           ] 34%Updating DocTypes for erpnext       : [=============                           ] 34%Updating DocTypes for erpnext       : [=============                           ] 34%Updating DocTypes for erpnext       : [=============                           ] 34%Updating DocTypes for erpnext       : [=============                           ] 34%Updating DocTypes for erpnext       : [=============                           ] 34%Updating DocTypes for erpnext       : [=============                           ] 34%Updating DocTypes for erpnext       : [=============                           ] 34%Updating DocTypes for erpnext       : [=============                           ] 34%Updating DocTypes for erpnext       : [==============                          ] 35%Updating DocTypes for erpnext       : [==============                          ] 35%Updating DocTypes for erpnext       : [==============                          ] 35%Updating DocTypes for erpnext       : [==============                          ] 35%Updating DocTypes for erpnext       : [==============                          ] 35%Updating DocTypes for erpnext       : [==============                          ] 35%Updating DocTypes for erpnext       : [==============                          ] 35%Updating DocTypes for erpnext       : [==============                          ] 35%Updating DocTypes for erpnext       : [==============                          ] 35%Updating DocTypes for erpnext       : [==============                          ] 36%Updating DocTypes for erpnext       : [==============                          ] 36%Updating DocTypes for erpnext       : [==============                          ] 36%Updating DocTypes for erpnext       : [==============                          ] 36%Updating DocTypes for erpnext       : [==============                          ] 36%Updating DocTypes for erpnext       : [==============                          ] 36%Updating DocTypes for erpnext       : [==============                          ] 36%Updating DocTypes for erpnext       : [==============                          ] 36%Updating DocTypes for erpnext       : [==============                          ] 36%Updating DocTypes for erpnext       : [==============                          ] 37%Updating DocTypes for erpnext       : [==============                          ] 37%Updating DocTypes for erpnext       : [==============                          ] 37%Updating DocTypes for erpnext       : [==============                          ] 37%Updating DocTypes for erpnext       : [==============                          ] 37%Updating DocTypes for erpnext       : [===============                         ] 37%Updating DocTypes for erpnext       : [===============                         ] 37%Updating DocTypes for erpnext       : [===============                         ] 37%Updating DocTypes for erpnext       : [===============                         ] 37%Updating DocTypes for erpnext       : [===============                         ] 38%Updating DocTypes for erpnext       : [===============                         ] 38%Updating DocTypes for erpnext       : [===============                         ] 38%Updating DocTypes for erpnext       : [===============                         ] 38%Updating DocTypes for erpnext       : [===============                         ] 38%Updating DocTypes for erpnext       : [===============                         ] 38%Updating DocTypes for erpnext       : [===============                         ] 38%Updating DocTypes for erpnext       : [===============                         ] 38%Updating DocTypes for erpnext       : [===============                         ] 38%Updating DocTypes for erpnext       : [===============                         ] 39%Updating DocTypes for erpnext       : [===============                         ] 39%Updating DocTypes for erpnext       : [===============                         ] 39%Updating DocTypes for erpnext       : [===============                         ] 39%Updating DocTypes for erpnext       : [===============                         ] 39%Updating DocTypes for erpnext       : [===============                         ] 39%Updating DocTypes for erpnext       : [===============                         ] 39%Updating DocTypes for erpnext       : [===============                         ] 39%Updating DocTypes for erpnext       : [===============                         ] 39%Updating DocTypes for erpnext       : [================                        ] 40%Updating DocTypes for erpnext       : [================                        ] 40%Updating DocTypes for erpnext       : [================                        ] 40%Updating DocTypes for erpnext       : [================                        ] 40%Updating DocTypes for erpnext       : [================                        ] 40%Updating DocTypes for erpnext       : [================                        ] 40%Updating DocTypes for erpnext       : [================                        ] 40%Updating DocTypes for erpnext       : [================                        ] 40%Updating DocTypes for erpnext       : [================                        ] 40%Updating DocTypes for erpnext       : [================                        ] 41%Updating DocTypes for erpnext       : [================                        ] 41%Updating DocTypes for erpnext       : [================                        ] 41%Updating DocTypes for erpnext       : [================                        ] 41%Updating DocTypes for erpnext       : [================                        ] 41%Updating DocTypes for erpnext       : [================                        ] 41%Updating DocTypes for erpnext       : [================                        ] 41%Updating DocTypes for erpnext       : [================                        ] 41%Updating DocTypes for erpnext       : [================                        ] 41%Updating DocTypes for erpnext       : [================                        ] 42%Updating DocTypes for erpnext       : [================                        ] 42%Updating DocTypes for erpnext       : [================                        ] 42%Updating DocTypes for erpnext       : [================                        ] 42%Updating DocTypes for erpnext       : [================                        ] 42%Updating DocTypes for erpnext       : [=================                       ] 42%Updating DocTypes for erpnext       : [=================                       ] 42%Updating DocTypes for erpnext       : [=================                       ] 42%Updating DocTypes for erpnext       : [=================                       ] 42%Updating DocTypes for erpnext       : [=================                       ] 43%Updating DocTypes for erpnext       : [=================                       ] 43%Updating DocTypes for erpnext       : [=================                       ] 43%Updating DocTypes for erpnext       : [=================                       ] 43%Updating DocTypes for erpnext       : [=================                       ] 43%Updating DocTypes for erpnext       : [=================                       ] 43%Updating DocTypes for erpnext       : [=================                       ] 43%Updating DocTypes for erpnext       : [=================                       ] 43%Updating DocTypes for erpnext       : [=================                       ] 43%Updating DocTypes for erpnext       : [=================                       ] 44%Updating DocTypes for erpnext       : [=================                       ] 44%Updating DocTypes for erpnext       : [=================                       ] 44%Updating DocTypes for erpnext       : [=================                       ] 44%Updating DocTypes for erpnext       : [=================                       ] 44%Updating DocTypes for erpnext       : [=================                       ] 44%Updating DocTypes for erpnext       : [=================                       ] 44%Updating DocTypes for erpnext       : [=================                       ] 44%Updating DocTypes for erpnext       : [=================                       ] 44%Updating DocTypes for erpnext       : [==================                      ] 45%Updating DocTypes for erpnext       : [==================                      ] 45%Updating DocTypes for erpnext       : [==================                      ] 45%Updating DocTypes for erpnext       : [==================                      ] 45%Updating DocTypes for erpnext       : [==================                      ] 45%Updating DocTypes for erpnext       : [==================                      ] 45%Updating DocTypes for erpnext       : [==================                      ] 45%Updating DocTypes for erpnext       : [==================                      ] 45%Updating DocTypes for erpnext       : [==================                      ] 45%Updating DocTypes for erpnext       : [==================                      ] 46%Updating DocTypes for erpnext       : [==================                      ] 46%Updating DocTypes for erpnext       : [==================                      ] 46%Updating DocTypes for erpnext       : [==================                      ] 46%Updating DocTypes for erpnext       : [==================                      ] 46%Updating DocTypes for erpnext       : [==================                      ] 46%Updating DocTypes for erpnext       : [==================                      ] 46%Updating DocTypes for erpnext       : [==================                      ] 46%Updating DocTypes for erpnext       : [==================                      ] 46%Updating DocTypes for erpnext       : [==================                      ] 47%Updating DocTypes for erpnext       : [==================                      ] 47%Updating DocTypes for erpnext       : [==================                      ] 47%Updating DocTypes for erpnext       : [==================                      ] 47%Updating DocTypes for erpnext       : [==================                      ] 47%Updating DocTypes for erpnext       : [===================                     ] 47%Updating DocTypes for erpnext       : [===================                     ] 47%Updating DocTypes for erpnext       : [===================                     ] 47%Updating DocTypes for erpnext       : [===================                     ] 47%Updating DocTypes for erpnext       : [===================                     ] 48%Updating DocTypes for erpnext       : [===================                     ] 48%Updating DocTypes for erpnext       : [===================                     ] 48%Updating DocTypes for erpnext       : [===================                     ] 48%Updating DocTypes for erpnext       : [===================                     ] 48%Updating DocTypes for erpnext       : [===================                     ] 48%Updating DocTypes for erpnext       : [===================                     ] 48%Updating DocTypes for erpnext       : [===================                     ] 48%Updating DocTypes for erpnext       : [===================                     ] 48%Updating DocTypes for erpnext       : [===================                     ] 49%Updating DocTypes for erpnext       : [===================                     ] 49%Updating DocTypes for erpnext       : [===================                     ] 49%Updating DocTypes for erpnext       : [===================                     ] 49%Updating DocTypes for erpnext       : [===================                     ] 49%Updating DocTypes for erpnext       : [===================                     ] 49%Updating DocTypes for erpnext       : [===================                     ] 49%Updating DocTypes for erpnext       : [===================                     ] 49%Updating DocTypes for erpnext       : [===================                     ] 49%Updating DocTypes for erpnext       : [====================                    ] 50%Updating DocTypes for erpnext       : [====================                    ] 50%Updating DocTypes for erpnext       : [====================                    ] 50%Updating DocTypes for erpnext       : [====================                    ] 50%Updating DocTypes for erpnext       : [====================                    ] 50%Updating DocTypes for erpnext       : [====================                    ] 50%Updating DocTypes for erpnext       : [====================                    ] 50%Updating DocTypes for erpnext       : [====================                    ] 50%Updating DocTypes for erpnext       : [====================                    ] 50%Updating DocTypes for erpnext       : [====================                    ] 51%Updating DocTypes for erpnext       : [====================                    ] 51%Updating DocTypes for erpnext       : [====================                    ] 51%Updating DocTypes for erpnext       : [====================                    ] 51%Updating DocTypes for erpnext       : [====================                    ] 51%Updating DocTypes for erpnext       : [====================                    ] 51%Updating DocTypes for erpnext       : [====================                    ] 51%Updating DocTypes for erpnext       : [====================                    ] 51%Updating DocTypes for erpnext       : [====================                    ] 51%Updating DocTypes for erpnext       : [====================                    ] 52%Updating DocTypes for erpnext       : [====================                    ] 52%Updating DocTypes for erpnext       : [====================                    ] 52%Updating DocTypes for erpnext       : [====================                    ] 52%Updating DocTypes for erpnext       : [=====================                   ] 52%Updating DocTypes for erpnext       : [=====================                   ] 52%Updating DocTypes for erpnext       : [=====================                   ] 52%Updating DocTypes for erpnext       : [=====================                   ] 52%Updating DocTypes for erpnext       : [=====================                   ] 52%Updating DocTypes for erpnext       : [=====================                   ] 53%Updating DocTypes for erpnext       : [=====================                   ] 53%Updating DocTypes for erpnext       : [=====================                   ] 53%Updating DocTypes for erpnext       : [=====================                   ] 53%Updating DocTypes for erpnext       : [=====================                   ] 53%Updating DocTypes for erpnext       : [=====================                   ] 53%Updating DocTypes for erpnext       : [=====================                   ] 53%Updating DocTypes for erpnext       : [=====================                   ] 53%Updating DocTypes for erpnext       : [=====================                   ] 53%Updating DocTypes for erpnext       : [=====================                   ] 54%Updating DocTypes for erpnext       : [=====================                   ] 54%Updating DocTypes for erpnext       : [=====================                   ] 54%Updating DocTypes for erpnext       : [=====================                   ] 54%Updating DocTypes for erpnext       : [=====================                   ] 54%Updating DocTypes for erpnext       : [=====================                   ] 54%Updating DocTypes for erpnext       : [=====================                   ] 54%Updating DocTypes for erpnext       : [=====================                   ] 54%Updating DocTypes for erpnext       : [=====================                   ] 54%Updating DocTypes for erpnext       : [======================                  ] 55%Updating DocTypes for erpnext       : [======================                  ] 55%Updating DocTypes for erpnext       : [======================                  ] 55%Updating DocTypes for erpnext       : [======================                  ] 55%Updating DocTypes for erpnext       : [======================                  ] 55%Updating DocTypes for erpnext       : [======================                  ] 55%Updating DocTypes for erpnext       : [======================                  ] 55%Updating DocTypes for erpnext       : [======================                  ] 55%Updating DocTypes for erpnext       : [======================                  ] 55%Updating DocTypes for erpnext       : [======================                  ] 56%Updating DocTypes for erpnext       : [======================                  ] 56%Updating DocTypes for erpnext       : [======================                  ] 56%Updating DocTypes for erpnext       : [======================                  ] 56%Updating DocTypes for erpnext       : [======================                  ] 56%Updating DocTypes for erpnext       : [======================                  ] 56%Updating DocTypes for erpnext       : [======================                  ] 56%Updating DocTypes for erpnext       : [======================                  ] 56%Updating DocTypes for erpnext       : [======================                  ] 56%Updating DocTypes for erpnext       : [======================                  ] 57%Updating DocTypes for erpnext       : [======================                  ] 57%Updating DocTypes for erpnext       : [======================                  ] 57%Updating DocTypes for erpnext       : [======================                  ] 57%Updating DocTypes for erpnext       : [=======================                 ] 57%Updating DocTypes for erpnext       : [=======================                 ] 57%Updating DocTypes for erpnext       : [=======================                 ] 57%Updating DocTypes for erpnext       : [=======================                 ] 57%Updating DocTypes for erpnext       : [=======================                 ] 57%Updating DocTypes for erpnext       : [=======================                 ] 58%Updating DocTypes for erpnext       : [=======================                 ] 58%Updating DocTypes for erpnext       : [=======================                 ] 58%Updating DocTypes for erpnext       : [=======================                 ] 58%Updating DocTypes for erpnext       : [=======================                 ] 58%Updating DocTypes for erpnext       : [=======================                 ] 58%Updating DocTypes for erpnext       : [=======================                 ] 58%Updating DocTypes for erpnext       : [=======================                 ] 58%Updating DocTypes for erpnext       : [=======================                 ] 58%Updating DocTypes for erpnext       : [=======================                 ] 59%Updating DocTypes for erpnext       : [=======================                 ] 59%Updating DocTypes for erpnext       : [=======================                 ] 59%Updating DocTypes for erpnext       : [=======================                 ] 59%Updating DocTypes for erpnext       : [=======================                 ] 59%Updating DocTypes for erpnext       : [=======================                 ] 59%Updating DocTypes for erpnext       : [=======================                 ] 59%Updating DocTypes for erpnext       : [=======================                 ] 59%Updating DocTypes for erpnext       : [=======================                 ] 59%Updating DocTypes for erpnext       : [========================                ] 60%Updating DocTypes for erpnext       : [========================                ] 60%Updating DocTypes for erpnext       : [========================                ] 60%Updating DocTypes for erpnext       : [========================                ] 60%Updating DocTypes for erpnext       : [========================                ] 60%Updating DocTypes for erpnext       : [========================                ] 60%Updating DocTypes for erpnext       : [========================                ] 60%Updating DocTypes for erpnext       : [========================                ] 60%Updating DocTypes for erpnext       : [========================                ] 60%Updating DocTypes for erpnext       : [========================                ] 61%Updating DocTypes for erpnext       : [========================                ] 61%Updating DocTypes for erpnext       : [========================                ] 61%Updating DocTypes for erpnext       : [========================                ] 61%Updating DocTypes for erpnext       : [========================                ] 61%Updating DocTypes for erpnext       : [========================                ] 61%Updating DocTypes for erpnext       : [========================                ] 61%Updating DocTypes for erpnext       : [========================                ] 61%Updating DocTypes for erpnext       : [========================                ] 61%Updating DocTypes for erpnext       : [========================                ] 62%Updating DocTypes for erpnext       : [========================                ] 62%Updating DocTypes for erpnext       : [========================                ] 62%Updating DocTypes for erpnext       : [========================                ] 62%Updating DocTypes for erpnext       : [=========================               ] 62%Updating DocTypes for erpnext       : [=========================               ] 62%Updating DocTypes for erpnext       : [=========================               ] 62%Updating DocTypes for erpnext       : [=========================               ] 62%Updating DocTypes for erpnext       : [=========================               ] 62%Updating DocTypes for erpnext       : [=========================               ] 63%Updating DocTypes for erpnext       : [=========================               ] 63%Updating DocTypes for erpnext       : [=========================               ] 63%Updating DocTypes for erpnext       : [=========================               ] 63%Updating DocTypes for erpnext       : [=========================               ] 63%Updating DocTypes for erpnext       : [=========================               ] 63%Updating DocTypes for erpnext       : [=========================               ] 63%Updating DocTypes for erpnext       : [=========================               ] 63%Updating DocTypes for erpnext       : [=========================               ] 63%Updating DocTypes for erpnext       : [=========================               ] 64%Updating DocTypes for erpnext       : [=========================               ] 64%Updating DocTypes for erpnext       : [=========================               ] 64%Updating DocTypes for erpnext       : [=========================               ] 64%Updating DocTypes for erpnext       : [=========================               ] 64%Updating DocTypes for erpnext       : [=========================               ] 64%Updating DocTypes for erpnext       : [=========================               ] 64%Updating DocTypes for erpnext       : [=========================               ] 64%Updating DocTypes for erpnext       : [=========================               ] 64%Updating DocTypes for erpnext       : [==========================              ] 65%Updating DocTypes for erpnext       : [==========================              ] 65%Updating DocTypes for erpnext       : [==========================              ] 65%Updating DocTypes for erpnext       : [==========================              ] 65%Updating DocTypes for erpnext       : [==========================              ] 65%Updating DocTypes for erpnext       : [==========================              ] 65%Updating DocTypes for erpnext       : [==========================              ] 65%Updating DocTypes for erpnext       : [==========================              ] 65%Updating DocTypes for erpnext       : [==========================              ] 65%Updating DocTypes for erpnext       : [==========================              ] 66%Updating DocTypes for erpnext       : [==========================              ] 66%Updating DocTypes for erpnext       : [==========================              ] 66%Updating DocTypes for erpnext       : [==========================              ] 66%Updating DocTypes for erpnext       : [==========================              ] 66%Updating DocTypes for erpnext       : [==========================              ] 66%Updating DocTypes for erpnext       : [==========================              ] 66%Updating DocTypes for erpnext       : [==========================              ] 66%Updating DocTypes for erpnext       : [==========================              ] 66%Updating DocTypes for erpnext       : [==========================              ] 67%Updating DocTypes for erpnext       : [==========================              ] 67%Updating DocTypes for erpnext       : [==========================              ] 67%Updating DocTypes for erpnext       : [==========================              ] 67%Updating DocTypes for erpnext       : [===========================             ] 67%Updating DocTypes for erpnext       : [===========================             ] 67%Updating DocTypes for erpnext       : [===========================             ] 67%Updating DocTypes for erpnext       : [===========================             ] 67%Updating DocTypes for erpnext       : [===========================             ] 67%Updating DocTypes for erpnext       : [===========================             ] 68%Updating DocTypes for erpnext       : [===========================             ] 68%Updating DocTypes for erpnext       : [===========================             ] 68%Updating DocTypes for erpnext       : [===========================             ] 68%Updating DocTypes for erpnext       : [===========================             ] 68%Updating DocTypes for erpnext       : [===========================             ] 68%Updating DocTypes for erpnext       : [===========================             ] 68%Updating DocTypes for erpnext       : [===========================             ] 68%Updating DocTypes for erpnext       : [===========================             ] 68%Updating DocTypes for erpnext       : [===========================             ] 69%Updating DocTypes for erpnext       : [===========================             ] 69%Updating DocTypes for erpnext       : [===========================             ] 69%Updating DocTypes for erpnext       : [===========================             ] 69%Updating DocTypes for erpnext       : [===========================             ] 69%Updating DocTypes for erpnext       : [===========================             ] 69%Updating DocTypes for erpnext       : [===========================             ] 69%Updating DocTypes for erpnext       : [===========================             ] 69%Updating DocTypes for erpnext       : [===========================             ] 69%Updating DocTypes for erpnext       : [============================            ] 70%Updating DocTypes for erpnext       : [============================            ] 70%Updating DocTypes for erpnext       : [============================            ] 70%Updating DocTypes for erpnext       : [============================            ] 70%Updating DocTypes for erpnext       : [============================            ] 70%Updating DocTypes for erpnext       : [============================            ] 70%Updating DocTypes for erpnext       : [============================            ] 70%Updating DocTypes for erpnext       : [============================            ] 70%Updating DocTypes for erpnext       : [============================            ] 70%Updating DocTypes for erpnext       : [============================            ] 71%Updating DocTypes for erpnext       : [============================            ] 71%Updating DocTypes for erpnext       : [============================            ] 71%Updating DocTypes for erpnext       : [============================            ] 71%Updating DocTypes for erpnext       : [============================            ] 71%Updating DocTypes for erpnext       : [============================            ] 71%Updating DocTypes for erpnext       : [============================            ] 71%Updating DocTypes for erpnext       : [============================            ] 71%Updating DocTypes for erpnext       : [============================            ] 71%Updating DocTypes for erpnext       : [============================            ] 72%Updating DocTypes for erpnext       : [============================            ] 72%Updating DocTypes for erpnext       : [============================            ] 72%Updating DocTypes for erpnext       : [============================            ] 72%Updating DocTypes for erpnext       : [=============================           ] 72%Updating DocTypes for erpnext       : [=============================           ] 72%Updating DocTypes for erpnext       : [=============================           ] 72%Updating DocTypes for erpnext       : [=============================           ] 72%Updating DocTypes for erpnext       : [=============================           ] 72%Updating DocTypes for erpnext       : [=============================           ] 73%Updating DocTypes for erpnext       : [=============================           ] 73%Updating DocTypes for erpnext       : [=============================           ] 73%Updating DocTypes for erpnext       : [=============================           ] 73%Updating DocTypes for erpnext       : [=============================           ] 73%Updating DocTypes for erpnext       : [=============================           ] 73%Updating DocTypes for erpnext       : [=============================           ] 73%Updating DocTypes for erpnext       : [=============================           ] 73%Updating DocTypes for erpnext       : [=============================           ] 73%Updating DocTypes for erpnext       : [=============================           ] 74%Updating DocTypes for erpnext       : [=============================           ] 74%Updating DocTypes for erpnext       : [=============================           ] 74%Updating DocTypes for erpnext       : [=============================           ] 74%Updating DocTypes for erpnext       : [=============================           ] 74%Updating DocTypes for erpnext       : [=============================           ] 74%Updating DocTypes for erpnext       : [=============================           ] 74%Updating DocTypes for erpnext       : [=============================           ] 74%Updating DocTypes for erpnext       : [=============================           ] 74%Updating DocTypes for erpnext       : [==============================          ] 75%Updating DocTypes for erpnext       : [==============================          ] 75%Updating DocTypes for erpnext       : [==============================          ] 75%Updating DocTypes for erpnext       : [==============================          ] 75%Updating DocTypes for erpnext       : [==============================          ] 75%Updating DocTypes for erpnext       : [==============================          ] 75%Updating DocTypes for erpnext       : [==============================          ] 75%Updating DocTypes for erpnext       : [==============================          ] 75%Updating DocTypes for erpnext       : [==============================          ] 75%Updating DocTypes for erpnext       : [==============================          ] 76%Updating DocTypes for erpnext       : [==============================          ] 76%Updating DocTypes for erpnext       : [==============================          ] 76%Updating DocTypes for erpnext       : [==============================          ] 76%Updating DocTypes for erpnext       : [==============================          ] 76%Updating DocTypes for erpnext       : [==============================          ] 76%Updating DocTypes for erpnext       : [==============================          ] 76%Updating DocTypes for erpnext       : [==============================          ] 76%Updating DocTypes for erpnext       : [==============================          ] 76%Updating DocTypes for erpnext       : [==============================          ] 77%Updating DocTypes for erpnext       : [==============================          ] 77%Updating DocTypes for erpnext       : [==============================          ] 77%Updating DocTypes for erpnext       : [==============================          ] 77%Updating DocTypes for erpnext       : [===============================         ] 77%Updating DocTypes for erpnext       : [===============================         ] 77%Updating DocTypes for erpnext       : [===============================         ] 77%Updating DocTypes for erpnext       : [===============================         ] 77%Updating DocTypes for erpnext       : [===============================         ] 77%Updating DocTypes for erpnext       : [===============================         ] 78%Updating DocTypes for erpnext       : [===============================         ] 78%Updating DocTypes for erpnext       : [===============================         ] 78%Updating DocTypes for erpnext       : [===============================         ] 78%Updating DocTypes for erpnext       : [===============================         ] 78%Updating DocTypes for erpnext       : [===============================         ] 78%Updating DocTypes for erpnext       : [===============================         ] 78%Updating DocTypes for erpnext       : [===============================         ] 78%Updating DocTypes for erpnext       : [===============================         ] 78%Updating DocTypes for erpnext       : [===============================         ] 79%Updating DocTypes for erpnext       : [===============================         ] 79%Updating DocTypes for erpnext       : [===============================         ] 79%Updating DocTypes for erpnext       : [===============================         ] 79%Updating DocTypes for erpnext       : [===============================         ] 79%Updating DocTypes for erpnext       : [===============================         ] 79%Updating DocTypes for erpnext       : [===============================         ] 79%Updating DocTypes for erpnext       : [===============================         ] 79%Updating DocTypes for erpnext       : [===============================         ] 79%Updating DocTypes for erpnext       : [================================        ] 80%Updating DocTypes for erpnext       : [================================        ] 80%Updating DocTypes for erpnext       : [================================        ] 80%Updating DocTypes for erpnext       : [================================        ] 80%Updating DocTypes for erpnext       : [================================        ] 80%Updating DocTypes for erpnext       : [================================        ] 80%Updating DocTypes for erpnext       : [================================        ] 80%Updating DocTypes for erpnext       : [================================        ] 80%Updating DocTypes for erpnext       : [================================        ] 80%Updating DocTypes for erpnext       : [================================        ] 81%Updating DocTypes for erpnext       : [================================        ] 81%Updating DocTypes for erpnext       : [================================        ] 81%Updating DocTypes for erpnext       : [================================        ] 81%Updating DocTypes for erpnext       : [================================        ] 81%Updating DocTypes for erpnext       : [================================        ] 81%Updating DocTypes for erpnext       : [================================        ] 81%Updating DocTypes for erpnext       : [================================        ] 81%Updating DocTypes for erpnext       : [================================        ] 81%Updating DocTypes for erpnext       : [================================        ] 82%Updating DocTypes for erpnext       : [================================        ] 82%Updating DocTypes for erpnext       : [================================        ] 82%Updating DocTypes for erpnext       : [================================        ] 82%Updating DocTypes for erpnext       : [=================================       ] 82%Updating DocTypes for erpnext       : [=================================       ] 82%Updating DocTypes for erpnext       : [=================================       ] 82%Updating DocTypes for erpnext       : [=================================       ] 82%Updating DocTypes for erpnext       : [=================================       ] 82%Updating DocTypes for erpnext       : [=================================       ] 83%Updating DocTypes for erpnext       : [=================================       ] 83%Updating DocTypes for erpnext       : [=================================       ] 83%Updating DocTypes for erpnext       : [=================================       ] 83%Updating DocTypes for erpnext       : [=================================       ] 83%Updating DocTypes for erpnext       : [=================================       ] 83%Updating DocTypes for erpnext       : [=================================       ] 83%Updating DocTypes for erpnext       : [=================================       ] 83%Updating DocTypes for erpnext       : [=================================       ] 83%Updating DocTypes for erpnext       : [=================================       ] 84%Updating DocTypes for erpnext       : [=================================       ] 84%Updating DocTypes for erpnext       : [=================================       ] 84%Updating DocTypes for erpnext       : [=================================       ] 84%Updating DocTypes for erpnext       : [=================================       ] 84%Updating DocTypes for erpnext       : [=================================       ] 84%Updating DocTypes for erpnext       : [=================================       ] 84%Updating DocTypes for erpnext       : [=================================       ] 84%Updating DocTypes for erpnext       : [=================================       ] 84%Updating DocTypes for erpnext       : [==================================      ] 85%Updating DocTypes for erpnext       : [==================================      ] 85%Updating DocTypes for erpnext       : [==================================      ] 85%Updating DocTypes for erpnext       : [==================================      ] 85%Updating DocTypes for erpnext       : [==================================      ] 85%Updating DocTypes for erpnext       : [==================================      ] 85%Updating DocTypes for erpnext       : [==================================      ] 85%Updating DocTypes for erpnext       : [==================================      ] 85%Updating DocTypes for erpnext       : [==================================      ] 85%Updating DocTypes for erpnext       : [==================================      ] 86%Updating DocTypes for erpnext       : [==================================      ] 86%Updating DocTypes for erpnext       : [==================================      ] 86%Updating DocTypes for erpnext       : [==================================      ] 86%Updating DocTypes for erpnext       : [==================================      ] 86%Updating DocTypes for erpnext       : [==================================      ] 86%Updating DocTypes for erpnext       : [==================================      ] 86%Updating DocTypes for erpnext       : [==================================      ] 86%Updating DocTypes for erpnext       : [==================================      ] 86%Updating DocTypes for erpnext       : [==================================      ] 87%Updating DocTypes for erpnext       : [==================================      ] 87%Updating DocTypes for erpnext       : [==================================      ] 87%Updating DocTypes for erpnext       : [==================================      ] 87%Updating DocTypes for erpnext       : [===================================     ] 87%Updating DocTypes for erpnext       : [===================================     ] 87%Updating DocTypes for erpnext       : [===================================     ] 87%Updating DocTypes for erpnext       : [===================================     ] 87%Updating DocTypes for erpnext       : [===================================     ] 87%Updating DocTypes for erpnext       : [===================================     ] 88%Updating DocTypes for erpnext       : [===================================     ] 88%Updating DocTypes for erpnext       : [===================================     ] 88%Updating DocTypes for erpnext       : [===================================     ] 88%Updating DocTypes for erpnext       : [===================================     ] 88%Updating DocTypes for erpnext       : [===================================     ] 88%Updating DocTypes for erpnext       : [===================================     ] 88%Updating DocTypes for erpnext       : [===================================     ] 88%Updating DocTypes for erpnext       : [===================================     ] 88%Updating DocTypes for erpnext       : [===================================     ] 89%Updating DocTypes for erpnext       : [===================================     ] 89%Updating DocTypes for erpnext       : [===================================     ] 89%Updating DocTypes for erpnext       : [===================================     ] 89%Updating DocTypes for erpnext       : [===================================     ] 89%Updating DocTypes for erpnext       : [===================================     ] 89%Updating DocTypes for erpnext       : [===================================     ] 89%Updating DocTypes for erpnext       : [===================================     ] 89%Updating DocTypes for erpnext       : [===================================     ] 89%Updating DocTypes for erpnext       : [====================================    ] 90%Updating DocTypes for erpnext       : [====================================    ] 90%Updating DocTypes for erpnext       : [====================================    ] 90%Updating DocTypes for erpnext       : [====================================    ] 90%Updating DocTypes for erpnext       : [====================================    ] 90%Updating DocTypes for erpnext       : [====================================    ] 90%Updating DocTypes for erpnext       : [====================================    ] 90%Updating DocTypes for erpnext       : [====================================    ] 90%Updating DocTypes for erpnext       : [====================================    ] 90%Updating DocTypes for erpnext       : [====================================    ] 91%Updating DocTypes for erpnext       : [====================================    ] 91%Updating DocTypes for erpnext       : [====================================    ] 91%Updating DocTypes for erpnext       : [====================================    ] 91%Updating DocTypes for erpnext       : [====================================    ] 91%Updating DocTypes for erpnext       : [====================================    ] 91%Updating DocTypes for erpnext       : [====================================    ] 91%Updating DocTypes for erpnext       : [====================================    ] 91%Updating DocTypes for erpnext       : [====================================    ] 91%Updating DocTypes for erpnext       : [====================================    ] 92%Updating DocTypes for erpnext       : [====================================    ] 92%Updating DocTypes for erpnext       : [====================================    ] 92%Updating DocTypes for erpnext       : [====================================    ] 92%Updating DocTypes for erpnext       : [=====================================   ] 92%Updating DocTypes for erpnext       : [=====================================   ] 92%Updating DocTypes for erpnext       : [=====================================   ] 92%Updating DocTypes for erpnext       : [=====================================   ] 92%Updating DocTypes for erpnext       : [=====================================   ] 92%Updating DocTypes for erpnext       : [=====================================   ] 93%Updating DocTypes for erpnext       : [=====================================   ] 93%Updating DocTypes for erpnext       : [=====================================   ] 93%Updating DocTypes for erpnext       : [=====================================   ] 93%Updating DocTypes for erpnext       : [=====================================   ] 93%Updating DocTypes for erpnext       : [=====================================   ] 93%Updating DocTypes for erpnext       : [=====================================   ] 93%Updating DocTypes for erpnext       : [=====================================   ] 93%Updating DocTypes for erpnext       : [=====================================   ] 93%Updating DocTypes for erpnext       : [=====================================   ] 94%Updating DocTypes for erpnext       : [=====================================   ] 94%Updating DocTypes for erpnext       : [=====================================   ] 94%Updating DocTypes for erpnext       : [=====================================   ] 94%Updating DocTypes for erpnext       : [=====================================   ] 94%Updating DocTypes for erpnext       : [=====================================   ] 94%Updating DocTypes for erpnext       : [=====================================   ] 94%Updating DocTypes for erpnext       : [=====================================   ] 94%Updating DocTypes for erpnext       : [=====================================   ] 94%Updating DocTypes for erpnext       : [======================================  ] 95%Updating DocTypes for erpnext       : [======================================  ] 95%Updating DocTypes for erpnext       : [======================================  ] 95%Updating DocTypes for erpnext       : [======================================  ] 95%Updating DocTypes for erpnext       : [======================================  ] 95%Updating DocTypes for erpnext       : [======================================  ] 95%Updating DocTypes for erpnext       : [======================================  ] 95%Updating DocTypes for erpnext       : [======================================  ] 95%Updating DocTypes for erpnext       : [======================================  ] 95%Updating DocTypes for erpnext       : [======================================  ] 96%Updating DocTypes for erpnext       : [======================================  ] 96%Updating DocTypes for erpnext       : [======================================  ] 96%Updating DocTypes for erpnext       : [======================================  ] 96%Updating DocTypes for erpnext       : [======================================  ] 96%Updating DocTypes for erpnext       : [======================================  ] 96%Updating DocTypes for erpnext       : [======================================  ] 96%Updating DocTypes for erpnext       : [======================================  ] 96%Updating DocTypes for erpnext       : [======================================  ] 96%Updating DocTypes for erpnext       : [======================================  ] 97%Updating DocTypes for erpnext       : [======================================  ] 97%Updating DocTypes for erpnext       : [======================================  ] 97%Updating DocTypes for erpnext       : [======================================  ] 97%Updating DocTypes for erpnext       : [======================================= ] 97%Updating DocTypes for erpnext       : [======================================= ] 97%Updating DocTypes for erpnext       : [======================================= ] 97%Updating DocTypes for erpnext       : [======================================= ] 97%Updating DocTypes for erpnext       : [======================================= ] 97%Updating DocTypes for erpnext       : [======================================= ] 98%Updating DocTypes for erpnext       : [======================================= ] 98%Updating DocTypes for erpnext       : [======================================= ] 98%Updating DocTypes for erpnext       : [======================================= ] 98%Updating DocTypes for erpnext       : [======================================= ] 98%Updating DocTypes for erpnext       : [======================================= ] 98%Updating DocTypes for erpnext       : [======================================= ] 98%Updating DocTypes for erpnext       : [======================================= ] 98%Updating DocTypes for erpnext       : [======================================= ] 98%Updating DocTypes for erpnext       : [======================================= ] 99%Updating DocTypes for erpnext       : [======================================= ] 99%Updating DocTypes for erpnext       : [======================================= ] 99%Updating DocTypes for erpnext       : [======================================= ] 99%Updating DocTypes for erpnext       : [======================================= ] 99%Updating DocTypes for erpnext       : [======================================= ] 99%Updating DocTypes for erpnext       : [======================================= ] 99%Updating DocTypes for erpnext       : [======================================= ] 99%Updating DocTypes for erpnext       : [========================================] 100%
Updating DocTypes for india_compliance: [                                        ] 1%Updating DocTypes for india_compliance: [=                                       ] 3%Updating DocTypes for india_compliance: [=                                       ] 4%Updating DocTypes for india_compliance: [==                                      ] 6%Updating DocTypes for india_compliance: [===                                     ] 8%Updating DocTypes for india_compliance: [===                                     ] 9%Updating DocTypes for india_compliance: [====                                    ] 11%Updating DocTypes for india_compliance: [=====                                   ] 13%Updating DocTypes for india_compliance: [=====                                   ] 14%Updating DocTypes for india_compliance: [======                                  ] 16%Updating DocTypes for india_compliance: [=======                                 ] 18%Updating DocTypes for india_compliance: [=======                                 ] 19%Updating DocTypes for india_compliance: [========                                ] 21%Updating DocTypes for india_compliance: [=========                               ] 22%Updating DocTypes for india_compliance: [=========                               ] 24%Updating DocTypes for india_compliance: [==========                              ] 26%Updating DocTypes for india_compliance: [===========                             ] 27%Updating DocTypes for india_compliance: [===========                             ] 29%Updating DocTypes for india_compliance: [============                            ] 31%Updating DocTypes for india_compliance: [=============                           ] 32%Updating DocTypes for india_compliance: [=============                           ] 34%Updating DocTypes for india_compliance: [==============                          ] 36%Updating DocTypes for india_compliance: [===============                         ] 37%Updating DocTypes for india_compliance: [===============                         ] 39%Updating DocTypes for india_compliance: [================                        ] 40%Updating DocTypes for india_compliance: [=================                       ] 42%Updating DocTypes for india_compliance: [=================                       ] 44%Updating DocTypes for india_compliance: [==================                      ] 45%Updating DocTypes for india_compliance: [===================                     ] 47%Updating DocTypes for india_compliance: [===================                     ] 49%Updating DocTypes for india_compliance: [====================                    ] 50%Updating DocTypes for india_compliance: [====================                    ] 52%Updating DocTypes for india_compliance: [=====================                   ] 54%Updating DocTypes for india_compliance: [======================                  ] 55%Updating DocTypes for india_compliance: [======================                  ] 57%Updating DocTypes for india_compliance: [=======================                 ] 59%Updating DocTypes for india_compliance: [========================                ] 60%Updating DocTypes for india_compliance: [========================                ] 62%Updating DocTypes for india_compliance: [=========================               ] 63%Updating DocTypes for india_compliance: [==========================              ] 65%Updating DocTypes for india_compliance: [==========================              ] 67%Updating DocTypes for india_compliance: [===========================             ] 68%Updating DocTypes for india_compliance: [============================            ] 70%Updating DocTypes for india_compliance: [============================            ] 72%Updating DocTypes for india_compliance: [=============================           ] 73%Updating DocTypes for india_compliance: [==============================          ] 75%Updating DocTypes for india_compliance: [==============================          ] 77%Updating DocTypes for india_compliance: [===============================         ] 78%Updating DocTypes for india_compliance: [================================        ] 80%Updating DocTypes for india_compliance: [================================        ] 81%Updating DocTypes for india_compliance: [=================================       ] 83%Updating DocTypes for india_compliance: [==================================      ] 85%Updating DocTypes for india_compliance: [==================================      ] 86%Updating DocTypes for india_compliance: [===================================     ] 88%Updating DocTypes for india_compliance: [====================================    ] 90%Updating DocTypes for india_compliance: [====================================    ] 91%Updating DocTypes for india_compliance: [=====================================   ] 93%Updating DocTypes for india_compliance: [======================================  ] 95%Updating DocTypes for india_compliance: [======================================  ] 96%Updating DocTypes for india_compliance: [======================================= ] 98%Updating DocTypes for india_compliance: [========================================] 100%
Updating DocTypes for ssplbilling   : [                                        ] 2%Updating DocTypes for ssplbilling   : [=                                       ] 4%Updating DocTypes for ssplbilling   : [==                                      ] 6%Updating DocTypes for ssplbilling   : [===                                     ] 8%Updating DocTypes for ssplbilling   : [====                                    ] 10%Updating DocTypes for ssplbilling   : [=====                                   ] 13%Updating DocTypes for ssplbilling   : [======                                  ] 15%Updating DocTypes for ssplbilling   : [======                                  ] 17%Updating DocTypes for ssplbilling   : [=======                                 ] 19%Updating DocTypes for ssplbilling   : [========                                ] 21%Updating DocTypes for ssplbilling   : [=========                               ] 23%Updating DocTypes for ssplbilling   : [==========                              ] 26%Updating DocTypes for ssplbilling   : [===========                             ] 28%Updating DocTypes for ssplbilling   : [============                            ] 30%Updating DocTypes for ssplbilling   : [=============                           ] 32%Updating DocTypes for ssplbilling   : [=============                           ] 34%Updating DocTypes for ssplbilling   : [==============                          ] 36%Updating DocTypes for ssplbilling   : [===============                         ] 39%Updating DocTypes for ssplbilling   : [================                        ] 41%Updating DocTypes for ssplbilling   : [=================                       ] 43%Updating DocTypes for ssplbilling   : [==================                      ] 45%Updating DocTypes for ssplbilling   : [===================                     ] 47%Updating DocTypes for ssplbilling   : [====================                    ] 50%Updating DocTypes for ssplbilling   : [====================                    ] 52%Updating DocTypes for ssplbilling   : [=====================                   ] 54%Updating DocTypes for ssplbilling   : [======================                  ] 56%Updating DocTypes for ssplbilling   : [=======================                 ] 58%Updating DocTypes for ssplbilling   : [========================                ] 60%Updating DocTypes for ssplbilling   : [=========================               ] 63%Updating DocTypes for ssplbilling   : [==========================              ] 65%Updating DocTypes for ssplbilling   : [==========================              ] 67%Updating DocTypes for ssplbilling   : [===========================             ] 69%Updating DocTypes for ssplbilling   : [============================            ] 71%Updating DocTypes for ssplbilling   : [=============================           ] 73%Updating DocTypes for ssplbilling   : [==============================          ] 76%Updating DocTypes for ssplbilling   : [===============================         ] 78%Updating DocTypes for ssplbilling   : [================================        ] 80%Updating DocTypes for ssplbilling   : [=================================       ] 82%Updating DocTypes for ssplbilling   : [=================================       ] 84%Updating DocTypes for ssplbilling   : [==================================      ] 86%Updating DocTypes for ssplbilling   : [===================================     ] 89%Updating DocTypes for ssplbilling   : [====================================    ] 91%Updating DocTypes for ssplbilling   : [=====================================   ] 93%Updating DocTypes for ssplbilling   : [======================================  ] 95%Updating DocTypes for ssplbilling   : [======================================= ] 97%Updating DocTypes for ssplbilling   : [========================================] 100%
Updating DocTypes for printer_server_configuration: [=====                                   ] 14%Updating DocTypes for printer_server_configuration: [===========                             ] 28%Updating DocTypes for printer_server_configuration: [=================                       ] 42%Updating DocTypes for printer_server_configuration: [======================                  ] 57%Updating DocTypes for printer_server_configuration: [============================            ] 71%Updating DocTypes for printer_server_configuration: [==================================      ] 85%Updating DocTypes for printer_server_configuration: [========================================] 100%
Updating DocTypes for frappe_whatsapp: [==                                      ] 6%Updating DocTypes for frappe_whatsapp: [=====                                   ] 12%Updating DocTypes for frappe_whatsapp: [=======                                 ] 18%Updating DocTypes for frappe_whatsapp: [==========                              ] 25%Updating DocTypes for frappe_whatsapp: [============                            ] 31%Updating DocTypes for frappe_whatsapp: [===============                         ] 37%Updating DocTypes for frappe_whatsapp: [=================                       ] 43%Updating DocTypes for frappe_whatsapp: [====================                    ] 50%Updating DocTypes for frappe_whatsapp: [======================                  ] 56%Updating DocTypes for frappe_whatsapp: [=========================               ] 62%Updating DocTypes for frappe_whatsapp: [===========================             ] 68%Updating DocTypes for frappe_whatsapp: [==============================          ] 75%Updating DocTypes for frappe_whatsapp: [================================        ] 81%Updating DocTypes for frappe_whatsapp: [===================================     ] 87%Updating DocTypes for frappe_whatsapp: [=====================================   ] 93%Updating DocTypes for frappe_whatsapp: [========================================] 100%
Updating DocTypes for hrms          : [                                        ] 0%Updating DocTypes for hrms          : [                                        ] 0%Updating DocTypes for hrms          : [                                        ] 1%Updating DocTypes for hrms          : [                                        ] 1%Updating DocTypes for hrms          : [                                        ] 2%Updating DocTypes for hrms          : [=                                       ] 2%Updating DocTypes for hrms          : [=                                       ] 3%Updating DocTypes for hrms          : [=                                       ] 3%Updating DocTypes for hrms          : [=                                       ] 3%Updating DocTypes for hrms          : [=                                       ] 4%Updating DocTypes for hrms          : [=                                       ] 4%Updating DocTypes for hrms          : [==                                      ] 5%Updating DocTypes for hrms          : [==                                      ] 5%Updating DocTypes for hrms          : [==                                      ] 6%Updating DocTypes for hrms          : [==                                      ] 6%Updating DocTypes for hrms          : [==                                      ] 6%Updating DocTypes for hrms          : [==                                      ] 7%Updating DocTypes for hrms          : [===                                     ] 7%Updating DocTypes for hrms          : [===                                     ] 8%Updating DocTypes for hrms          : [===                                     ] 8%Updating DocTypes for hrms          : [===                                     ] 9%Updating DocTypes for hrms          : [===                                     ] 9%Updating DocTypes for hrms          : [====                                    ] 10%Updating DocTypes for hrms          : [====                                    ] 10%Updating DocTypes for hrms          : [====                                    ] 10%Updating DocTypes for hrms          : [====                                    ] 11%Updating DocTypes for hrms          : [====                                    ] 11%Updating DocTypes for hrms          : [====                                    ] 12%Updating DocTypes for hrms          : [=====                                   ] 12%Updating DocTypes for hrms          : [=====                                   ] 13%Updating DocTypes for hrms          : [=====                                   ] 13%Updating DocTypes for hrms          : [=====                                   ] 13%Updating DocTypes for hrms          : [=====                                   ] 14%Updating DocTypes for hrms          : [=====                                   ] 14%Updating DocTypes for hrms          : [======                                  ] 15%Updating DocTypes for hrms          : [======                                  ] 15%Updating DocTypes for hrms          : [======                                  ] 16%Updating DocTypes for hrms          : [======                                  ] 16%Updating DocTypes for hrms          : [======                                  ] 17%Updating DocTypes for hrms          : [======                                  ] 17%Updating DocTypes for hrms          : [=======                                 ] 17%Updating DocTypes for hrms          : [=======                                 ] 18%Updating DocTypes for hrms          : [=======                                 ] 18%Updating DocTypes for hrms          : [=======                                 ] 19%Updating DocTypes for hrms          : [=======                                 ] 19%Updating DocTypes for hrms          : [========                                ] 20%Updating DocTypes for hrms          : [========                                ] 20%Updating DocTypes for hrms          : [========                                ] 20%Updating DocTypes for hrms          : [========                                ] 21%Updating DocTypes for hrms          : [========                                ] 21%Updating DocTypes for hrms          : [========                                ] 22%Updating DocTypes for hrms          : [=========                               ] 22%Updating DocTypes for hrms          : [=========                               ] 23%Updating DocTypes for hrms          : [=========                               ] 23%Updating DocTypes for hrms          : [=========                               ] 24%Updating DocTypes for hrms          : [=========                               ] 24%Updating DocTypes for hrms          : [=========                               ] 24%Updating DocTypes for hrms          : [==========                              ] 25%Updating DocTypes for hrms          : [==========                              ] 25%Updating DocTypes for hrms          : [==========                              ] 26%Updating DocTypes for hrms          : [==========                              ] 26%Updating DocTypes for hrms          : [==========                              ] 27%Updating DocTypes for hrms          : [===========                             ] 27%Updating DocTypes for hrms          : [===========                             ] 27%Updating DocTypes for hrms          : [===========                             ] 28%Updating DocTypes for hrms          : [===========                             ] 28%Updating DocTypes for hrms          : [===========                             ] 29%Updating DocTypes for hrms          : [===========                             ] 29%Updating DocTypes for hrms          : [============                            ] 30%Updating DocTypes for hrms          : [============                            ] 30%Updating DocTypes for hrms          : [============                            ] 31%Updating DocTypes for hrms          : [============                            ] 31%Updating DocTypes for hrms          : [============                            ] 31%Updating DocTypes for hrms          : [============                            ] 32%Updating DocTypes for hrms          : [=============                           ] 32%Updating DocTypes for hrms          : [=============                           ] 33%Updating DocTypes for hrms          : [=============                           ] 33%Updating DocTypes for hrms          : [=============                           ] 34%Updating DocTypes for hrms          : [=============                           ] 34%Updating DocTypes for hrms          : [=============                           ] 34%Updating DocTypes for hrms          : [==============                          ] 35%Updating DocTypes for hrms          : [==============                          ] 35%Updating DocTypes for hrms          : [==============                          ] 36%Updating DocTypes for hrms          : [==============                          ] 36%Updating DocTypes for hrms          : [==============                          ] 37%Updating DocTypes for hrms          : [===============                         ] 37%Updating DocTypes for hrms          : [===============                         ] 37%Updating DocTypes for hrms          : [===============                         ] 38%Updating DocTypes for hrms          : [===============                         ] 38%Updating DocTypes for hrms          : [===============                         ] 39%Updating DocTypes for hrms          : [===============                         ] 39%Updating DocTypes for hrms          : [================                        ] 40%Updating DocTypes for hrms          : [================                        ] 40%Updating DocTypes for hrms          : [================                        ] 41%Updating DocTypes for hrms          : [================                        ] 41%Updating DocTypes for hrms          : [================                        ] 41%Updating DocTypes for hrms          : [================                        ] 42%Updating DocTypes for hrms          : [=================                       ] 42%Updating DocTypes for hrms          : [=================                       ] 43%Updating DocTypes for hrms          : [=================                       ] 43%Updating DocTypes for hrms          : [=================                       ] 44%Updating DocTypes for hrms          : [=================                       ] 44%Updating DocTypes for hrms          : [=================                       ] 44%Updating DocTypes for hrms          : [==================                      ] 45%Updating DocTypes for hrms          : [==================                      ] 45%Updating DocTypes for hrms          : [==================                      ] 46%Updating DocTypes for hrms          : [==================                      ] 46%Updating DocTypes for hrms          : [==================                      ] 47%Updating DocTypes for hrms          : [===================                     ] 47%Updating DocTypes for hrms          : [===================                     ] 48%Updating DocTypes for hrms          : [===================                     ] 48%Updating DocTypes for hrms          : [===================                     ] 48%Updating DocTypes for hrms          : [===================                     ] 49%Updating DocTypes for hrms          : [===================                     ] 49%Updating DocTypes for hrms          : [====================                    ] 50%Updating DocTypes for hrms          : [====================                    ] 50%Updating DocTypes for hrms          : [====================                    ] 51%Updating DocTypes for hrms          : [====================                    ] 51%Updating DocTypes for hrms          : [====================                    ] 51%Updating DocTypes for hrms          : [====================                    ] 52%Updating DocTypes for hrms          : [=====================                   ] 52%Updating DocTypes for hrms          : [=====================                   ] 53%Updating DocTypes for hrms          : [=====================                   ] 53%Updating DocTypes for hrms          : [=====================                   ] 54%Updating DocTypes for hrms          : [=====================                   ] 54%Updating DocTypes for hrms          : [======================                  ] 55%Updating DocTypes for hrms          : [======================                  ] 55%Updating DocTypes for hrms          : [======================                  ] 55%Updating DocTypes for hrms          : [======================                  ] 56%Updating DocTypes for hrms          : [======================                  ] 56%Updating DocTypes for hrms          : [======================                  ] 57%Updating DocTypes for hrms          : [=======================                 ] 57%Updating DocTypes for hrms          : [=======================                 ] 58%Updating DocTypes for hrms          : [=======================                 ] 58%Updating DocTypes for hrms          : [=======================                 ] 58%Updating DocTypes for hrms          : [=======================                 ] 59%Updating DocTypes for hrms          : [=======================                 ] 59%Updating DocTypes for hrms          : [========================                ] 60%Updating DocTypes for hrms          : [========================                ] 60%Updating DocTypes for hrms          : [========================                ] 61%Updating DocTypes for hrms          : [========================                ] 61%Updating DocTypes for hrms          : [========================                ] 62%Updating DocTypes for hrms          : [========================                ] 62%Updating DocTypes for hrms          : [=========================               ] 62%Updating DocTypes for hrms          : [=========================               ] 63%Updating DocTypes for hrms          : [=========================               ] 63%Updating DocTypes for hrms          : [=========================               ] 64%Updating DocTypes for hrms          : [=========================               ] 64%Updating DocTypes for hrms          : [==========================              ] 65%Updating DocTypes for hrms          : [==========================              ] 65%Updating DocTypes for hrms          : [==========================              ] 65%Updating DocTypes for hrms          : [==========================              ] 66%Updating DocTypes for hrms          : [==========================              ] 66%Updating DocTypes for hrms          : [==========================              ] 67%Updating DocTypes for hrms          : [===========================             ] 67%Updating DocTypes for hrms          : [===========================             ] 68%Updating DocTypes for hrms          : [===========================             ] 68%Updating DocTypes for hrms          : [===========================             ] 68%Updating DocTypes for hrms          : [===========================             ] 69%Updating DocTypes for hrms          : [===========================             ] 69%Updating DocTypes for hrms          : [============================            ] 70%Updating DocTypes for hrms          : [============================            ] 70%Updating DocTypes for hrms          : [============================            ] 71%Updating DocTypes for hrms          : [============================            ] 71%Updating DocTypes for hrms          : [============================            ] 72%Updating DocTypes for hrms          : [============================            ] 72%Updating DocTypes for hrms          : [=============================           ] 72%Updating DocTypes for hrms          : [=============================           ] 73%Updating DocTypes for hrms          : [=============================           ] 73%Updating DocTypes for hrms          : [=============================           ] 74%Updating DocTypes for hrms          : [=============================           ] 74%Updating DocTypes for hrms          : [==============================          ] 75%Updating DocTypes for hrms          : [==============================          ] 75%Updating DocTypes for hrms          : [==============================          ] 75%Updating DocTypes for hrms          : [==============================          ] 76%Updating DocTypes for hrms          : [==============================          ] 76%Updating DocTypes for hrms          : [==============================          ] 77%Updating DocTypes for hrms          : [===============================         ] 77%Updating DocTypes for hrms          : [===============================         ] 78%Updating DocTypes for hrms          : [===============================         ] 78%Updating DocTypes for hrms          : [===============================         ] 79%Updating DocTypes for hrms          : [===============================         ] 79%Updating DocTypes for hrms          : [===============================         ] 79%Updating DocTypes for hrms          : [================================        ] 80%Updating DocTypes for hrms          : [================================        ] 80%Updating DocTypes for hrms          : [================================        ] 81%Updating DocTypes for hrms          : [================================        ] 81%Updating DocTypes for hrms          : [================================        ] 82%Updating DocTypes for hrms          : [=================================       ] 82%Updating DocTypes for hrms          : [=================================       ] 82%Updating DocTypes for hrms          : [=================================       ] 83%Updating DocTypes for hrms          : [=================================       ] 83%Updating DocTypes for hrms          : [=================================       ] 84%Updating DocTypes for hrms          : [=================================       ] 84%Updating DocTypes for hrms          : [==================================      ] 85%Updating DocTypes for hrms          : [==================================      ] 85%Updating DocTypes for hrms          : [==================================      ] 86%Updating DocTypes for hrms          : [==================================      ] 86%Updating DocTypes for hrms          : [==================================      ] 86%Updating DocTypes for hrms          : [==================================      ] 87%Updating DocTypes for hrms          : [===================================     ] 87%Updating DocTypes for hrms          : [===================================     ] 88%Updating DocTypes for hrms          : [===================================     ] 88%Updating DocTypes for hrms          : [===================================     ] 89%Updating DocTypes for hrms          : [===================================     ] 89%Updating DocTypes for hrms          : [===================================     ] 89%Updating DocTypes for hrms          : [====================================    ] 90%Updating DocTypes for hrms          : [====================================    ] 90%Updating DocTypes for hrms          : [====================================    ] 91%Updating DocTypes for hrms          : [====================================    ] 91%Updating DocTypes for hrms          : [====================================    ] 92%Updating DocTypes for hrms          : [=====================================   ] 92%Updating DocTypes for hrms          : [=====================================   ] 93%Updating DocTypes for hrms          : [=====================================   ] 93%Updating DocTypes for hrms          : [=====================================   ] 93%Updating DocTypes for hrms          : [=====================================   ] 94%Updating DocTypes for hrms          : [=====================================   ] 94%Updating DocTypes for hrms          : [======================================  ] 95%Updating DocTypes for hrms          : [======================================  ] 95%Updating DocTypes for hrms          : [======================================  ] 96%Updating DocTypes for hrms          : [======================================  ] 96%Updating DocTypes for hrms          : [======================================  ] 96%Updating DocTypes for hrms          : [======================================  ] 97%Updating DocTypes for hrms          : [======================================= ] 97%Updating DocTypes for hrms          : [======================================= ] 98%Updating DocTypes for hrms          : [======================================= ] 98%Updating DocTypes for hrms          : [======================================= ] 99%Updating DocTypes for hrms          : [======================================= ] 99%Updating DocTypes for hrms          : [========================================] 100%
Executing india_compliance.patches.v16.update_reconciliation_email_template_dates in 192.168.225.78 (_45564e104a9aab20)

Queued rebuilding of search index for 192.168.225.78

Traceback (most recent call last):
  File "/home/frappe/frappe-bench/apps/frappe/frappe/utils/bench_helper.py", line 48, in invoke
    return super().invoke(ctx)
           ~~~~~~~~~~~~~~^^^^^
  File "/home/frappe/frappe-bench/env/lib/python3.14/site-packages/click/core.py", line 1902, in invoke
    return _process_result(sub_ctx.command.invoke(sub_ctx))
                           ~~~~~~~~~~~~~~~~~~~~~~^^^^^^^^^
  File "/home/frappe/frappe-bench/env/lib/python3.14/site-packages/click/core.py", line 1298, in invoke
    return ctx.invoke(self.callback, **ctx.params)
           ~~~~~~~~~~^^^^^^^^^^^^^^^^^^^^^^^^^^^^^
  File "/home/frappe/frappe-bench/env/lib/python3.14/site-packages/click/core.py", line 853, in invoke
    return callback(*args, **kwargs)
  File "/home/frappe/frappe-bench/env/lib/python3.14/site-packages/click/decorators.py", line 34, in new_func
    return f(get_current_context(), *args, **kwargs)
  File "/home/frappe/frappe-bench/apps/frappe/frappe/commands/__init__.py", line 28, in _func
    ret = f(ctx.obj, *args, **kwargs)
  File "/home/frappe/frappe-bench/apps/frappe/frappe/commands/site.py", line 722, in migrate
    ).run(site=site)
      ~~~^^^^^^^^^^^
  File "/home/frappe/frappe-bench/apps/frappe/frappe/migrate.py", line 279, in run
    self.run_schema_updates()
    ~~~~~~~~~~~~~~~~~~~~~~~^^
  File "/home/frappe/frappe-bench/apps/frappe/frappe/migrate.py", line 58, in wrapper
    raise e
  File "/home/frappe/frappe-bench/apps/frappe/frappe/migrate.py", line 50, in wrapper
    ret = method(*args, **kwargs)
  File "/home/frappe/frappe-bench/apps/frappe/frappe/migrate.py", line 143, in run_schema_updates
    frappe.modules.patch_handler.run_all(
    ~~~~~~~~~~~~~~~~~~~~~~~~~~~~~~~~~~~~^
    	skip_failing=self.skip_failing, patch_type=PatchType.post_model_sync
     ^^^^^^^^^^^^^^^^^^^^^^^^^^^^^^^^^^^^^^^^^^^^^^^^^^^^^^^^^^^^^^^^^^^^
    )
    ^
  File "/home/frappe/frappe-bench/apps/frappe/frappe/modules/patch_handler.py", line 76, in run_all
    run_patch(patch)
    ~~~~~~~~~^^^^^^^
  File "/home/frappe/frappe-bench/apps/frappe/frappe/modules/patch_handler.py", line 62, in run_patch
    if not run_single(patchmodule=patch):
           ~~~~~~~~~~^^^^^^^^^^^^^^^^^^^
  File "/home/frappe/frappe-bench/apps/frappe/frappe/modules/patch_handler.py", line 152, in run_single
    return execute_patch(patchmodule, method, methodargs)
  File "/home/frappe/frappe-bench/apps/frappe/frappe/modules/patch_handler.py", line 188, in execute_patch
    _patch()
    ~~~~~~^^
  File "/home/frappe/frappe-bench/apps/india_compliance/india_compliance/patches/v16/update_reconciliation_email_template_dates.py", line 11, in execute
    templates = frappe.get_all(
        "Email Template",
    ...<4 lines>...
        fields=("name", *TEMPLATE_FIELDS),
    )
  File "/home/frappe/frappe-bench/apps/frappe/frappe/__init__.py", line 1405, in get_all
    return get_list(doctype, *args, **kwargs)
  File "/home/frappe/frappe-bench/apps/frappe/frappe/__init__.py", line 1380, in get_list
    return frappe.model.qb_query.DatabaseQuery(doctype).execute(*args, **kwargs)
           ~~~~~~~~~~~~~~~~~~~~~~~~~~~~~~~~~~~~~~~~~~~~~~~~~~~~^^^^^^^^^^^^^^^^^
  File "/home/frappe/frappe-bench/apps/frappe/frappe/model/qb_query.py", line 212, in execute
    result = query.run(debug=debug, as_dict=not as_list, update=update)
  File "/home/frappe/frappe-bench/apps/frappe/frappe/query_builder/utils.py", line 135, in execute_query
    result = frappe.local.db.sql(query, params, *args, **kwargs)  # nosemgrep
  File "/home/frappe/frappe-bench/apps/frappe/frappe/database/database.py", line 272, in sql
    self.execute_query(query, values)
    ~~~~~~~~~~~~~~~~~~^^^^^^^^^^^^^^^
  File "/home/frappe/frappe-bench/apps/frappe/frappe/database/database.py", line 372, in execute_query
    return self._cursor.execute(query, values)
           ~~~~~~~~~~~~~~~~~~~~^^^^^^^^^^^^^^^
  File "/home/frappe/frappe-bench/env/lib/python3.14/site-packages/MySQLdb/cursors.py", line 179, in execute
    res = self._query(mogrified_query)
  File "/home/frappe/frappe-bench/env/lib/python3.14/site-packages/MySQLdb/cursors.py", line 330, in _query
    db.query(q)
    ~~~~~~~~^^^
  File "/home/frappe/frappe-bench/env/lib/python3.14/site-packages/MySQLdb/connections.py", line 280, in query
    _mysql.connection.query(self, query)
    ~~~~~~~~~~~~~~~~~~~~~~~^^^^^^^^^^^^^
MySQLdb.OperationalError: (1054, "Unknown column 'reference_doctype' in 'WHERE'")

(1054, "Unknown column 'reference_doctype' in 'WHERE'")

⚠ The restore did NOT finish. Bringing the site back online anyway —
  locked out is worse than up — but the database may be INCOMPLETE.
  Check the site. If it is broken, restore again from the safety
  backup taken just now in /opt/backups/frappe/uploads/.
[?25l[0G[+] start 0/1
 [33m⠋[0m Container frappe_docker-db-1 Waiting                                     [34m0.1s[0m
[?25h[?25l[2A[0G[+] start 0/1
 [33m⠙[0m Container frappe_docker-db-1 Waiting                                     [34m0.2s[0m
[?25h[?25l[2A[0G[+] start 0/1
 [33m⠹[0m Container frappe_docker-db-1 Waiting                                     [34m0.3s[0m
[?25h[?25l[2A[0G[+] start 0/1
 [33m⠸[0m Container frappe_docker-db-1 Waiting                                     [34m0.4s[0m
[?25h[?25l[2A[0G[+] start 0/1
 [33m⠼[0m Container frappe_docker-db-1 Waiting                                     [34m0.5s[0m
[?25h[?25l[2A[0G[+] start 1/2
 [32m✔[0m Container frappe_docker-db-1           [32mHealthy[0m                           [34m0.5s[0m
 [33m⠋[0m Container frappe_docker-configurator-1 Starting                          [34m0.1s[0m
[?25h[?25l[3A[0G[+] start 1/2
 [32m✔[0m Container frappe_docker-db-1           [32mHealthy[0m                           [34m0.5s[0m
 [33m⠙[0m Container frappe_docker-configurator-1 Waiting                           [34m0.2s[0m
[?25h[?25l[3A[0G[+] start 1/2
 [32m✔[0m Container frappe_docker-db-1           [32mHealthy[0m                           [34m0.5s[0m
 [33m⠹[0m Container frappe_docker-configurator-1 Waiting                           [34m0.3s[0m
[?25h[?25l[3A[0G[+] start 1/2
 [32m✔[0m Container frappe_docker-db-1           [32mHealthy[0m                           [34m0.5s[0m
 [33m⠸[0m Container frappe_docker-configurator-1 Waiting                           [34m0.4s[0m
[?25h[?25l[3A[0G[+] start 1/2
 [32m✔[0m Container frappe_docker-db-1           [32mHealthy[0m                           [34m0.5s[0m
 [33m⠼[0m Container frappe_docker-configurator-1 Waiting                           [34m0.5s[0m
[?25h[?25l[3A[0G[+] start 1/2
 [32m✔[0m Container frappe_docker-db-1           [32mHealthy[0m                           [34m0.5s[0m
 [33m⠴[0m Container frappe_docker-configurator-1 Waiting                           [34m0.6s[0m
[?25h[?25l[3A[0G[+] start 1/2
 [32m✔[0m Container frappe_docker-db-1           [32mHealthy[0m                           [34m0.5s[0m
 [33m⠦[0m Container frappe_docker-configurator-1 Waiting                           [34m0.7s[0m
[?25h[?25l[3A[0G[+] start 1/2
 [32m✔[0m Container frappe_docker-db-1           [32mHealthy[0m                           [34m0.5s[0m
 [33m⠧[0m Container frappe_docker-configurator-1 Waiting                           [34m0.8s[0m
[?25h[?25l[3A[0G[+] start 1/2
 [32m✔[0m Container frappe_docker-db-1           [32mHealthy[0m                           [34m0.5s[0m
 [33m⠇[0m Container frappe_docker-configurator-1 Waiting                           [34m0.9s[0m
[?25h[?25l[3A[0G[+] start 1/2
 [32m✔[0m Container frappe_docker-db-1           [32mHealthy[0m                           [34m0.5s[0m
 [33m⠏[0m Container frappe_docker-configurator-1 Waiting                           [34m1.0s[0m
[?25h[?25l[3A[0G[+] start 1/2
 [32m✔[0m Container frappe_docker-db-1           [32mHealthy[0m                           [34m0.5s[0m
 [33m⠋[0m Container frappe_docker-configurator-1 Waiting                           [34m1.1s[0m
[?25h[?25l[3A[0G[+] start 1/2
 [32m✔[0m Container frappe_docker-db-1           [32mHealthy[0m                           [34m0.5s[0m
 [33m⠙[0m Container frappe_docker-configurator-1 Waiting                           [34m1.2s[0m
[?25h[?25l[3A[0G[+] start 1/2
 [32m✔[0m Container frappe_docker-db-1           [32mHealthy[0m                           [34m0.5s[0m
 [33m⠹[0m Container frappe_docker-configurator-1 Waiting                           [34m1.3s[0m
[?25h[?25l[3A[0G[+] start 1/2
 [32m✔[0m Container frappe_docker-db-1           [32mHealthy[0m                           [34m0.5s[0m
 [33m⠸[0m Container frappe_docker-configurator-1 Waiting                           [34m1.4s[0m
[?25h[?25l[3A[0G[+] start 1/2
 [32m✔[0m Container frappe_docker-db-1           [32mHealthy[0m                           [34m0.5s[0m
 [33m⠼[0m Container frappe_docker-configurator-1 Waiting                           [34m1.5s[0m
[?25h[?25l[3A[0G[+] start 1/2
 [32m✔[0m Container frappe_docker-db-1           [32mHealthy[0m                           [34m0.5s[0m
 [33m⠴[0m Container frappe_docker-configurator-1 Waiting                           [34m1.6s[0m
[?25h[?25l[3A[0G[+] start 1/2
 [32m✔[0m Container frappe_docker-db-1           [32mHealthy[0m                           [34m0.5s[0m
 [33m⠦[0m Container frappe_docker-configurator-1 Waiting                           [34m1.7s[0m
[?25h[?25l[3A[0G[+] start 1/2
 [32m✔[0m Container frappe_docker-db-1           [32mHealthy[0m                           [34m0.5s[0m
 [33m⠧[0m Container frappe_docker-configurator-1 Waiting                           [34m1.8s[0m
[?25h[?25l[3A[0G[+] start 1/2
 [32m✔[0m Container frappe_docker-db-1           [32mHealthy[0m                           [34m0.5s[0m
 [33m⠇[0m Container frappe_docker-configurator-1 Waiting                           [34m1.9s[0m
[?25h[?25l[3A[0G[+] start 1/2
 [32m✔[0m Container frappe_docker-db-1           [32mHealthy[0m                           [34m0.5s[0m
 [33m⠏[0m Container frappe_docker-configurator-1 Waiting                           [34m2.0s[0m
[?25h[?25l[3A[0G[+] start 1/2
 [32m✔[0m Container frappe_docker-db-1           [32mHealthy[0m                           [34m0.5s[0m
 [33m⠋[0m Container frappe_docker-configurator-1 Waiting                           [34m2.1s[0m
[?25h[?25l[3A[0G[+] start 1/2
 [32m✔[0m Container frappe_docker-db-1           [32mHealthy[0m                           [34m0.5s[0m
 [33m⠙[0m Container frappe_docker-configurator-1 Waiting                           [34m2.2s[0m
[?25h[?25l[3A[0G[+] start 1/2
 [32m✔[0m Container frappe_docker-db-1           [32mHealthy[0m                           [34m0.5s[0m
 [33m⠹[0m Container frappe_docker-configurator-1 Waiting                           [34m2.3s[0m
[?25h[?25l[3A[0G[+] start 1/2
 [32m✔[0m Container frappe_docker-db-1           [32mHealthy[0m                           [34m0.5s[0m
 [33m⠸[0m Container frappe_docker-configurator-1 Waiting                           [34m2.4s[0m
[?25h[?25l[3A[0G[+] start 1/2
 [32m✔[0m Container frappe_docker-db-1           [32mHealthy[0m                           [34m0.5s[0m
 [33m⠼[0m Container frappe_docker-configurator-1 Waiting                           [34m2.5s[0m
[?25h[?25l[3A[0G[+] start 1/2
 [32m✔[0m Container frappe_docker-db-1           [32mHealthy[0m                           [34m0.5s[0m
 [33m⠴[0m Container frappe_docker-configurator-1 Waiting                           [34m2.6s[0m
[?25h[?25l[3A[0G[+] start 1/2
 [32m✔[0m Container frappe_docker-db-1           [32mHealthy[0m                           [34m0.5s[0m
 [33m⠦[0m Container frappe_docker-configurator-1 Waiting                           [34m2.7s[0m
[?25h[?25l[3A[0G[+] start 1/2
 [32m✔[0m Container frappe_docker-db-1           [32mHealthy[0m                           [34m0.5s[0m
 [33m⠧[0m Container frappe_docker-configurator-1 Waiting                           [34m2.8s[0m
[?25h[?25l[3A[0G[+] start 1/2
 [32m✔[0m Container frappe_docker-db-1           [32mHealthy[0m                           [34m0.5s[0m
 [33m⠇[0m Container frappe_docker-configurator-1 Waiting                           [34m2.9s[0m
[?25h[?25l[3A[0G[+] start 1/2
 [32m✔[0m Container frappe_docker-db-1           [32mHealthy[0m                           [34m0.5s[0m
 [33m⠏[0m Container frappe_docker-configurator-1 Waiting                           [34m3.0s[0m
[?25h[?25l[3A[0G[+] start 1/2
 [32m✔[0m Container frappe_docker-db-1           [32mHealthy[0m                           [34m0.5s[0m
 [33m⠋[0m Container frappe_docker-configurator-1 Waiting                           [34m3.1s[0m
[?25h[?25l[3A[0G[+] start 1/2
 [32m✔[0m Container frappe_docker-db-1           [32mHealthy[0m                           [34m0.5s[0m
 [33m⠙[0m Container frappe_docker-configurator-1 Waiting                           [34m3.2s[0m
[?25h[?25l[3A[0G[+] start 1/2
 [32m✔[0m Container frappe_docker-db-1           [32mHealthy[0m                           [34m0.5s[0m
 [33m⠹[0m Container frappe_docker-configurator-1 Waiting                           [34m3.3s[0m
[?25h[?25l[3A[0G[+] start 1/2
 [32m✔[0m Container frappe_docker-db-1           [32mHealthy[0m                           [34m0.5s[0m
 [33m⠸[0m Container frappe_docker-configurator-1 Waiting                           [34m3.4s[0m
[?25h[?25l[3A[0G[+] start 1/2
 [32m✔[0m Container frappe_docker-db-1           [32mHealthy[0m                           [34m0.5s[0m
 [33m⠼[0m Container frappe_docker-configurator-1 Waiting                           [34m3.5s[0m
[?25h[?25l[3A[0G[+] start 1/2
 [32m✔[0m Container frappe_docker-db-1           [32mHealthy[0m                           [34m0.5s[0m
 [33m⠴[0m Container frappe_docker-configurator-1 Waiting                           [34m3.6s[0m
[?25h[?25l[3A[0G[+] start 1/2
 [32m✔[0m Container frappe_docker-db-1           [32mHealthy[0m                           [34m0.5s[0m
 [33m⠦[0m Container frappe_docker-configurator-1 Waiting                           [34m3.7s[0m
[?25h[?25l[3A[0G[+] start 1/2
 [32m✔[0m Container frappe_docker-db-1           [32mHealthy[0m                           [34m0.5s[0m
 [33m⠧[0m Container frappe_docker-configurator-1 Waiting                           [34m3.8s[0m
[?25h[?25l[3A[0G[+] start 1/2
 [32m✔[0m Container frappe_docker-db-1           [32mHealthy[0m                           [34m0.5s[0m
 [33m⠇[0m Container frappe_docker-configurator-1 Waiting                           [34m3.9s[0m
[?25h[?25l[3A[0G[+] start 1/2
 [32m✔[0m Container frappe_docker-db-1           [32mHealthy[0m                           [34m0.5s[0m
 [33m⠏[0m Container frappe_docker-configurator-1 Waiting                           [34m4.0s[0m
[?25h[?25l[3A[0G[+] start 1/2
 [32m✔[0m Container frappe_docker-db-1           [32mHealthy[0m                           [34m0.5s[0m
 [33m⠋[0m Container frappe_docker-configurator-1 Waiting                           [34m4.1s[0m
[?25h[?25l[3A[0G[+] start 1/2
 [32m✔[0m Container frappe_docker-db-1           [32mHealthy[0m                           [34m0.5s[0m
 [33m⠙[0m Container frappe_docker-configurator-1 Waiting                           [34m4.2s[0m
[?25h[?25l[3A[0G[+] start 1/2
 [32m✔[0m Container frappe_docker-db-1           [32mHealthy[0m                           [34m0.5s[0m
 [33m⠹[0m Container frappe_docker-configurator-1 Waiting                           [34m4.3s[0m
[?25h[?25l[3A[0G[+] start 1/2
 [32m✔[0m Container frappe_docker-db-1           [32mHealthy[0m                           [34m0.5s[0m
 [33m⠸[0m Container frappe_docker-configurator-1 Waiting                           [34m4.4s[0m
[?25h[?25l[3A[0G[+] start 1/2
 [32m✔[0m Container frappe_docker-db-1           [32mHealthy[0m                           [34m0.5s[0m
 [33m⠼[0m Container frappe_docker-configurator-1 Waiting                           [34m4.5s[0m
[?25h[?25l[3A[0G[+] start 1/2
 [32m✔[0m Container frappe_docker-db-1           [32mHealthy[0m                           [34m0.5s[0m
 [33m⠴[0m Container frappe_docker-configurator-1 Waiting                           [34m4.6s[0m
[?25h[?25l[3A[0G[+] start 1/2
 [32m✔[0m Container frappe_docker-db-1           [32mHealthy[0m                           [34m0.5s[0m
 [33m⠦[0m Container frappe_docker-configurator-1 Waiting                           [34m4.7s[0m
[?25h[?25l[3A[0G[+] start 1/2
 [32m✔[0m Container frappe_docker-db-1           [32mHealthy[0m                           [34m0.5s[0m
 [33m⠧[0m Container frappe_docker-configurator-1 Waiting                           [34m4.8s[0m
[?25h[?25l[3A[0G[+] start 1/2
 [32m✔[0m Container frappe_docker-db-1           [32mHealthy[0m                           [34m0.5s[0m
 [33m⠇[0m Container frappe_docker-configurator-1 Waiting                           [34m4.9s[0m
[?25h[?25l[3A[0G[+] start 1/2
 [32m✔[0m Container frappe_docker-db-1           [32mHealthy[0m                           [34m0.5s[0m
 [33m⠏[0m Container frappe_docker-configurator-1 Waiting                           [34m5.0s[0m
[?25h[?25l[3A[0G[+] start 1/2
 [32m✔[0m Container frappe_docker-db-1           [32mHealthy[0m                           [34m0.5s[0m
 [33m⠋[0m Container frappe_docker-configurator-1 Waiting                           [34m5.1s[0m
[?25h[?25l[3A[0G[+] start 2/6
 [32m✔[0m Container frappe_docker-db-1           [32mHealthy[0m                           [34m0.5s[0m
 [32m✔[0m Container frappe_docker-configurator-1 [32mExited[0m                            [34m5.1s[0m
 [33m⠋[0m Container frappe_docker-scheduler-1    Starting                          [34m0.1s[0m
 [33m⠋[0m Container frappe_docker-queue-long-1   Starting                          [34m0.1s[0m
 [33m⠋[0m Container frappe_docker-websocket-1    Starting                          [34m0.1s[0m
 [33m⠋[0m Container frappe_docker-queue-short-1  Starting                          [34m0.1s[0m
[?25h[?25l[7A[0G[+] start 6/7
 [32m✔[0m Container frappe_docker-db-1           [32mHealthy[0m                           [34m0.5s[0m
 [32m✔[0m Container frappe_docker-configurator-1 [32mExited[0m                            [34m5.1s[0m
 [32m✔[0m Container frappe_docker-scheduler-1    [32mStarted[0m                           [34m0.2s[0m
 [32m✔[0m Container frappe_docker-queue-long-1   [32mStarted[0m                           [34m0.2s[0m
 [32m✔[0m Container frappe_docker-websocket-1    [32mStarted[0m                           [34m0.2s[0m
 [32m✔[0m Container frappe_docker-queue-short-1  [32mStarted[0m                           [34m0.1s[0m
 [33m⠋[0m Container frappe_docker-frontend-1     Starting                          [34m0.0s[0m
[?25h[?25l[8A[0G[+] start 6/7
 [32m✔[0m Container frappe_docker-db-1           [32mHealthy[0m                           [34m0.5s[0m
 [32m✔[0m Container frappe_docker-configurator-1 [32mExited[0m                            [34m5.1s[0m
 [32m✔[0m Container frappe_docker-scheduler-1    [32mStarted[0m                           [34m0.2s[0m
 [32m✔[0m Container frappe_docker-queue-long-1   [32mStarted[0m                           [34m0.2s[0m
 [32m✔[0m Container frappe_docker-websocket-1    [32mStarted[0m                           [34m0.2s[0m
 [32m✔[0m Container frappe_docker-queue-short-1  [32mStarted[0m                           [34m0.1s[0m
 [33m⠙[0m Container frappe_docker-frontend-1     Starting                          [34m0.1s[0m
[?25h[?25l[8A[0G[+] start 6/7
 [32m✔[0m Container frappe_docker-db-1           [32mHealthy[0m                           [34m0.5s[0m
 [32m✔[0m Container frappe_docker-configurator-1 [32mExited[0m                            [34m5.1s[0m
 [32m✔[0m Container frappe_docker-scheduler-1    [32mStarted[0m                           [34m0.2s[0m
 [32m✔[0m Container frappe_docker-queue-long-1   [32mStarted[0m                           [34m0.2s[0m
 [32m✔[0m Container frappe_docker-websocket-1    [32mStarted[0m                           [34m0.2s[0m
 [32m✔[0m Container frappe_docker-queue-short-1  [32mStarted[0m                           [34m0.1s[0m
 [33m⠹[0m Container frappe_docker-frontend-1     Starting                          [34m0.2s[0m
[?25h[?25l[8A[0G[+] start 7/7
 [32m✔[0m Container frappe_docker-db-1           [32mHealthy[0m                           [34m0.5s[0m
 [32m✔[0m Container frappe_docker-configurator-1 [32mExited[0m                            [34m5.1s[0m
 [32m✔[0m Container frappe_docker-scheduler-1    [32mStarted[0m                           [34m0.2s[0m
 [32m✔[0m Container frappe_docker-queue-long-1   [32mStarted[0m                           [34m0.2s[0m
 [32m✔[0m Container frappe_docker-websocket-1    [32mStarted[0m                           [34m0.2s[0m
 [32m✔[0m Container frappe_docker-queue-short-1  [32mStarted[0m                           [34m0.1s[0m
 [32m✔[0m Container frappe_docker-frontend-1     [32mStarted[0m                           [34m0.3s[0m
[?25h